STATION,DATE,TMAX,TMIN
GHCND:USC00124272,19750122,40,21
GHCND:USC00124272,19750123,37,24
GHCND:USC00124272,19750124,41,23
GHCND:USC00124272,19750125,51,29
GHCND:USC00124272,19750126,43,28
GHCND:USC00124272,19750127,29,19
GHCND:USC00124272,19750128,38,26
GHCND:USC00124272,19750129,65,32
GHCND:USC00124272,19750130,65,29
GHCND:USC00124272,19750131,35,29
GHCND:USC00124272,19750201,37,32
GHCND:USC00124272,19750202,34,28
GHCND:USC00124272,19750203,40,27
GHCND:USC00124272,19750204,39,28
GHCND:USC00124272,19750205,39,32
GHCND:USC00124272,19750206,43,29
GHCND:USC00124272,19750207,30,10
GHCND:USC00124272,19750208,27,10
GHCND:USC00124272,19750209,28,6
GHCND:USC00124272,19750210,10,-3
GHCND:USC00124272,19750211,33,2
GHCND:USC00124272,19750212,37,27
GHCND:USC00124272,19750213,32,19
GHCND:USC00124272,19750214,28,18
GHCND:USC00124272,19750215,36,23
GHCND:USC00124272,19750216,51,34
GHCND:USC00124272,19750217,45,35
GHCND:USC00124272,19750218,51,34
GHCND:USC00124272,19750219,37,31
GHCND:USC00124272,19750220,33,24
GHCND:USC00124272,19750221,46,19
GHCND:USC00124272,19750222,54,30
GHCND:USC00124272,19750223,54,41
GHCND:USC00124272,19750224,55,31
GHCND:USC00124272,19750225,37,28
GHCND:USC00124272,19750226,44,32
GHCND:USC00124272,19750227,42,25
GHCND:USC00124272,19750228,40,25
GHCND:USC00124272,19750301,41,21
GHCND:USC00124272,19750302,31,17
GHCND:USC00124272,19750303,27,14
GHCND:USC00124272,19750304,33,20
GHCND:USC00124272,19750305,40,20
GHCND:USC00124272,19750306,49,17
GHCND:USC00124272,19750307,53,37
GHCND:USC00124272,19750308,52,28
GHCND:USC00124272,19750309,33,19
GHCND:USC00124272,19750310,37,19
GHCND:USC00124272,19750311,34,28
GHCND:USC00124272,19750312,47,30
GHCND:USC00124272,19750313,47,27
GHCND:USC00124272,19750314,35,21
GHCND:USC00124272,19750315,34,14
GHCND:USC00124272,19750316,42,13
GHCND:USC00124272,19750317,43,34
GHCND:USC00124272,19750318,55,38
GHCND:USC00124272,19750319,60,40
GHCND:USC00124272,19750320,58,38
GHCND:USC00124272,19750321,64,39
GHCND:USC00124272,19750322,74,44
GHCND:USC00124272,19750323,54,41
GHCND:USC00124272,19750324,66,41
GHCND:USC00124272,19750325,60,30
GHCND:USC00124272,19750326,31,23
GHCND:USC00124272,19750327,39,23
GHCND:USC00124272,19750328,35,24
GHCND:USC00124272,19750329,49,34
GHCND:USC00124272,19750330,40,26
GHCND:USC00124272,19750331,31,15
GHCND:USC00124272,19750401,58,30
GHCND:USC00124272,19750402,63,37
GHCND:USC00124272,19750403,69,23
GHCND:USC00124272,19750404,39,23
GHCND:USC00124272,19750405,43,25
GHCND:USC00124272,19750406,46,29
GHCND:USC00124272,19750407,49,28
GHCND:USC00124272,19750408,52,29
GHCND:USC00124272,19750409,55,31
GHCND:USC00124272,19750410,53,34
GHCND:USC00124272,19750411,55,36
GHCND:USC00124272,19750412,50,29
GHCND:USC00124272,19750413,53,30
GHCND:USC00124272,19750414,55,33
GHCND:USC00124272,19750415,46,37
GHCND:USC00124272,19750416,51,34
GHCND:USC00124272,19750417,51,38
GHCND:USC00124272,19750418,78,49
GHCND:USC00124272,19750419,74,44
GHCND:USC00124272,19750420,57,39
GHCND:USC00124272,19750421,50,33
GHCND:USC00124272,19750422,57,34
GHCND:USC00124272,19750423,75,47
GHCND:USC00124272,19750424,65,47
GHCND:USC00124272,19750425,69,57
GHCND:USC00124272,19750426,59,43
GHCND:USC00124272,19750427,61,42
GHCND:USC00124272,19750428,56,37
GHCND:USC00124272,19750429,74,46
GHCND:USC00124272,19750430,77,52
GHCND:USC00124272,19750501,69,54
GHCND:USC00124272,19750502,64,43
GHCND:USC00124272,19750503,70,53
GHCND:USC00124272,19750504,64,50
GHCND:USC00124272,19750505,67,47
GHCND:USC00124272,19750506,79,49
GHCND:USC00124272,19750507,78,52
GHCND:USC00124272,19750508,68,49
GHCND:USC00124272,19750509,72,51
GHCND:USC00124272,19750510,76,50
GHCND:USC00124272,19750511,77,51
GHCND:USC00124272,19750512,78,54
GHCND:USC00124272,19750513,67,46
GHCND:USC00124272,19750514,71,47
GHCND:USC00124272,19750515,74,51
GHCND:USC00124272,19750516,74,48
GHCND:USC00124272,19750517,70,50
GHCND:USC00124272,19750518,78,52
GHCND:USC00124272,19750519,84,60
GHCND:USC00124272,19750520,86,62
GHCND:USC00124272,19750521,90,69
GHCND:USC00124272,19750522,88,64
GHCND:USC00124272,19750523,82,65
GHCND:USC00124272,19750524,86,67
GHCND:USC00124272,19750525,89,69
GHCND:USC00124272,19750526,88,62
GHCND:USC00124272,19750527,84,64
GHCND:USC00124272,19750528,76,57
GHCND:USC00124272,19750529,81,61
GHCND:USC00124272,19750530,80,64
GHCND:USC00124272,19750531,81,61
GHCND:USC00124272,19750601,65,55
GHCND:USC00124272,19750602,72,54
GHCND:USC00124272,19750603,69,52
GHCND:USC00124272,19750604,77,55
GHCND:USC00124272,19750605,84,60
GHCND:USC00124272,19750606,80,63
GHCND:USC00124272,19750607,85,54
GHCND:USC00124272,19750608,73,50
GHCND:USC00124272,19750609,72,52
GHCND:USC00124272,19750610,72,56
GHCND:USC00124272,19750611,81,61
GHCND:USC00124272,19750612,80,61
GHCND:USC00124272,19750613,78,61
GHCND:USC00124272,19750614,84,59
GHCND:USC00124272,19750615,82,59
GHCND:USC00124272,19750616,76,54
GHCND:USC00124272,19750617,80,59
GHCND:USC00124272,19750618,83,64
GHCND:USC00124272,19750619,90,69
GHCND:USC00124272,19750620,92,71
GHCND:USC00124272,19750621,92,70
GHCND:USC00124272,19750622,91,72
GHCND:USC00124272,19750623,89,71
GHCND:USC00124272,19750624,88,68
GHCND:USC00124272,19750625,87,69
GHCND:USC00124272,19750626,88,67
GHCND:USC00124272,19750627,82,66
GHCND:USC00124272,19750628,87,70
GHCND:USC00124272,19750629,89,69
GHCND:USC00124272,19750630,88,69
GHCND:USC00124272,19750701,89,69
GHCND:USC00124272,19750702,89,65
GHCND:USC00124272,19750703,92,66
GHCND:USC00124272,19750704,90,70
GHCND:USC00124272,19750705,89,64
GHCND:USC00124272,19750706,86,63
GHCND:USC00124272,19750707,84,65
GHCND:USC00124272,19750708,84,66
GHCND:USC00124272,19750709,89,67
GHCND:USC00124272,19750710,85,61
GHCND:USC00124272,19750711,79,58
GHCND:USC00124272,19750712,75,58
GHCND:USC00124272,19750713,79,59
GHCND:USC00124272,19750714,68,51
GHCND:USC00124272,19750715,79,54
GHCND:USC00124272,19750716,86,63
GHCND:USC00124272,19750717,87,66
GHCND:USC00124272,19750718,87,66
GHCND:USC00124272,19750719,82,66
GHCND:USC00124272,19750720,81,68
GHCND:USC00124272,19750721,82,66
GHCND:USC00124272,19750722,88,68
GHCND:USC00124272,19750723,88,67
GHCND:USC00124272,19750724,88,70
GHCND:USC00124272,19750725,88,65
GHCND:USC00124272,19750726,83,62
GHCND:USC00124272,19750727,85,61
GHCND:USC00124272,19750728,89,62
GHCND:USC00124272,19750729,89,66
GHCND:USC00124272,19750730,89,69
GHCND:USC00124272,19750731,91,70
GHCND:USC00124272,19750801,89,71
GHCND:USC00124272,19750802,88,73
GHCND:USC00124272,19750803,86,72
GHCND:USC00124272,19750804,81,69
GHCND:USC00124272,19750805,86,70
GHCND:USC00124272,19750806,86,63
GHCND:USC00124272,19750807,78,57
GHCND:USC00124272,19750808,77,56
GHCND:USC00124272,19750809,84,59
GHCND:USC00124272,19750810,87,65
GHCND:USC00124272,19750811,87,62
GHCND:USC00124272,19750812,88,66
GHCND:USC00124272,19750813,89,72
GHCND:USC00124272,19750814,89,68
GHCND:USC00124272,19750815,85,69
GHCND:USC00124272,19750816,85,68
GHCND:USC00124272,19750817,81,66
GHCND:USC00124272,19750818,84,65
GHCND:USC00124272,19750819,85,66
GHCND:USC00124272,19750820,86,68
GHCND:USC00124272,19750821,88,69
GHCND:USC00124272,19750822,90,70
GHCND:USC00124272,19750823,92,72
GHCND:USC00124272,19750824,92,72
GHCND:USC00124272,19750825,91,71
GHCND:USC00124272,19750826,89,69
GHCND:USC00124272,19750827,82,66
GHCND:USC00124272,19750828,88,66
GHCND:USC00124272,19750829,88,68
GHCND:USC00124272,19750830,89,67
GHCND:USC00124272,19750831,79,68
GHCND:USC00124272,19750901,71,63
GHCND:USC00124272,19750902,82,63
GHCND:USC00124272,19750903,88,64
GHCND:USC00124272,19750904,91,64
GHCND:USC00124272,19750905,84,66
GHCND:USC00124272,19750906,85,57
GHCND:USC00124272,19750907,76,51
GHCND:USC00124272,19750908,80,49
GHCND:USC00124272,19750909,83,56
GHCND:USC00124272,19750910,78,56
GHCND:USC00124272,19750911,86,55
GHCND:USC00124272,19750912,72,54
GHCND:USC00124272,19750913,66,40
GHCND:USC00124272,19750914,64,41
GHCND:USC00124272,19750915,67,42
GHCND:USC00124272,19750916,73,52
GHCND:USC00124272,19750917,66,59
GHCND:USC00124272,19750918,73,60
GHCND:USC00124272,19750919,71,60
GHCND:USC00124272,19750920,68,50
GHCND:USC00124272,19750921,67,44
GHCND:USC00124272,19750922,62,47
GHCND:USC00124272,19750923,58,47
GHCND:USC00124272,19750924,64,49
GHCND:USC00124272,19750925,62,46
GHCND:USC00124272,19750926,54,50
GHCND:USC00124272,19750927,59,46
GHCND:USC00124272,19750928,68,43
GHCND:USC00124272,19750929,71,43
GHCND:USC00124272,19750930,69,48
GHCND:USC00124272,19751001,73,51
GHCND:USC00124272,19751002,57,41
GHCND:USC00124272,19751003,56,33
GHCND:USC00124272,19751004,66,36
GHCND:USC00124272,19751005,72,38
GHCND:USC00124272,19751006,74,42
GHCND:USC00124272,19751007,77,48
GHCND:USC00124272,19751008,79,48
GHCND:USC00124272,19751009,60,54
GHCND:USC00124272,19751010,74,53
GHCND:USC00124272,19751011,76,46
GHCND:USC00124272,19751012,69,42
GHCND:USC00124272,19751013,74,47
GHCND:USC00124272,19751014,86,44
GHCND:USC00124272,19751015,83,52
GHCND:USC00124272,19751016,76,43
GHCND:USC00124272,19751017,61,43
GHCND:USC00124272,19751018,53,42
GHCND:USC00124272,19751019,45,43
GHCND:USC00124272,19751020,49,44
GHCND:USC00124272,19751021,66,43
GHCND:USC00124272,19751022,80,51
GHCND:USC00124272,19751023,78,53
GHCND:USC00124272,19751024,76,55
GHCND:USC00124272,19751025,70,46
GHCND:USC00124272,19751026,54,41
GHCND:USC00124272,19751027,58,35
GHCND:USC00124272,19751028,65,37
GHCND:USC00124272,19751029,67,51
GHCND:USC00124272,19751030,54,35
GHCND:USC00124272,19751031,52,35
GHCND:USC00124272,19751101,63,38
GHCND:USC00124272,19751102,64,49
GHCND:USC00124272,19751103,72,56
GHCND:USC00124272,19751104,65,57
GHCND:USC00124272,19751105,76,54
GHCND:USC00124272,19751106,77,56
GHCND:USC00124272,19751107,79,55
GHCND:USC00124272,19751108,69,56
GHCND:USC00124272,19751109,73,57
GHCND:USC00124272,19751110,75,47
GHCND:USC00124272,19751111,58,35
GHCND:USC00124272,19751112,60,31
GHCND:USC00124272,19751113,50,34
GHCND:USC00124272,19751114,36,31
GHCND:USC00124272,19751115,41,27
GHCND:USC00124272,19751116,56,29
GHCND:USC00124272,19751117,65,41
GHCND:USC00124272,19751118,67,35
GHCND:USC00124272,19751119,66,36
GHCND:USC00124272,19751120,69,43
GHCND:USC00124272,19751121,58,36
GHCND:USC00124272,19751122,37,34
GHCND:USC00124272,19751123,41,25
GHCND:USC00124272,19751124,44,24
GHCND:USC00124272,19751125,37,30
GHCND:USC00124272,19751126,35,28
GHCND:USC00124272,19751127,35,28
GHCND:USC00124272,19751128,30,22
GHCND:USC00124272,19751129,38,20
GHCND:USC00124272,19751130,65,35
GHCND:USC00124272,19751201,57,21
GHCND:USC00124272,19751202,32,19
GHCND:USC00124272,19751203,40,28
GHCND:USC00124272,19751204,39,31
GHCND:USC00124272,19751205,62,33
GHCND:USC00124272,19751206,62,42
GHCND:USC00124272,19751207,55,27
GHCND:USC00124272,19751208,39,26
GHCND:USC00124272,19751209,40,30
GHCND:USC00124272,19751210,34,28
GHCND:USC00124272,19751211,35,30
GHCND:USC00124272,19751212,49,30
GHCND:USC00124272,19751213,53,41
GHCND:USC00124272,19751214,66,51
GHCND:USC00124272,19751215,69,50
GHCND:USC00124272,19751216,50,28
GHCND:USC00124272,19751217,31,25
GHCND:USC00124272,19751218,28,8
GHCND:USC00124272,19751219,18,7
GHCND:USC00124272,19751220,36,15
GHCND:USC00124272,19751221,37,24
GHCND:USC00124272,19751222,28,13
GHCND:USC00124272,19751223,33,12
GHCND:USC00124272,19751224,36,22
GHCND:USC00124272,19751225,34,21
GHCND:USC00124272,19751226,36,28
GHCND:USC00124272,19751227,32,29
GHCND:USC00124272,19751228,31,25
GHCND:USC00124272,19751229,33,25
GHCND:USC00124272,19751230,40,32
GHCND:USC00124272,19751231,41,34
GHCND:USC00124272,19760101,36,29
GHCND:USC00124272,19760102,34,26
GHCND:USC00124272,19760103,42,27
GHCND:USC00124272,19760104,28,8
GHCND:USC00124272,19760105,13,6
GHCND:USC00124272,19760106,22,6
GHCND:USC00124272,19760107,41,9
GHCND:USC00124272,19760108,34,0
GHCND:USC00124272,19760109,12,-4
GHCND:USC00124272,19760110,17,0
GHCND:USC00124272,19760111,39,14
GHCND:USC00124272,19760112,40,25
GHCND:USC00124272,19760113,37,24
GHCND:USC00124272,19760114,49,24
GHCND:USC00124272,19760115,31,19
GHCND:USC00124272,19760116,39,19
GHCND:USC00124272,19760117,35,12
GHCND:USC00124272,19760118,21,11
GHCND:USC00124272,19760119,26,4
GHCND:USC00124272,19760120,34,21
GHCND:USC00124272,19760121,31,13
GHCND:USC00124272,19760122,29,19
GHCND:USC00124272,19760123,28,12
GHCND:USC00124272,19760124,50,14
GHCND:USC00124272,19760125,39,26
GHCND:USC00124272,19760126,51,29
GHCND:USC00124272,19760127,32,14
GHCND:USC00124272,19760128,25,12
GHCND:USC00124272,19760129,38,5
GHCND:USC00124272,19760130,35,26
GHCND:USC00124272,19760131,35,27
GHCND:USC00124272,19760201,31,20
GHCND:USC00124272,19760202,36,2
GHCND:USC00124272,19760203,20,2
GHCND:USC00124272,19760204,35,10
GHCND:USC00124272,19760205,34,24
GHCND:USC00124272,19760206,33,19
GHCND:USC00124272,19760207,23,10
GHCND:USC00124272,19760208,29,11
GHCND:USC00124272,19760209,37,23
GHCND:USC00124272,19760210,49,23
GHCND:USC00124272,19760211,63,34
GHCND:USC00124272,19760212,44,29
GHCND:USC00124272,19760213,56,29
GHCND:USC00124272,19760214,56,29
GHCND:USC00124272,19760215,45,25
GHCND:USC00124272,19760216,66,31
GHCND:USC00124272,19760217,65,38
GHCND:USC00124272,19760218,55,38
GHCND:USC00124272,19760219,60,30
GHCND:USC00124272,19760220,50,24
GHCND:USC00124272,19760221,58,30
GHCND:USC00124272,19760222,60,32
GHCND:USC00124272,19760223,37,24
GHCND:USC00124272,19760224,44,24
GHCND:USC00124272,19760225,69,36
GHCND:USC00124272,19760226,68,44
GHCND:USC00124272,19760227,65,37
GHCND:USC00124272,19760228,69,35
GHCND:USC00124272,19760229,60,41
GHCND:USC00124272,19760301,71,42
GHCND:USC00124272,19760302,71,50
GHCND:USC00124272,19760303,70,52
GHCND:USC00124272,19760304,74,47
GHCND:USC00124272,19760305,78,50
GHCND:USC00124272,19760306,53,27
GHCND:USC00124272,19760307,41,27
GHCND:USC00124272,19760308,51,27
GHCND:USC00124272,19760309,44,32
GHCND:USC00124272,19760310,51,30
GHCND:USC00124272,19760311,52,32
GHCND:USC00124272,19760312,52,34
GHCND:USC00124272,19760313,63,32
GHCND:USC00124272,19760314,33,26
GHCND:USC00124272,19760315,52,24
GHCND:USC00124272,19760316,47,29
GHCND:USC00124272,19760317,36,20
GHCND:USC00124272,19760318,35,18
GHCND:USC00124272,19760319,68,30
GHCND:USC00124272,19760320,69,55
GHCND:USC00124272,19760321,70,47
GHCND:USC00124272,19760322,47,26
GHCND:USC00124272,19760323,49,27
GHCND:USC00124272,19760324,62,27
GHCND:USC00124272,19760325,69,41
GHCND:USC00124272,19760326,66,48
GHCND:USC00124272,19760327,76,54
GHCND:USC00124272,19760328,59,32
GHCND:USC00124272,19760329,60,26
GHCND:USC00124272,19760330,58,51
GHCND:USC00124272,19760331,73,43
GHCND:USC00124272,19760401,54,37
GHCND:USC00124272,19760402,43,31
GHCND:USC00124272,19760403,64,36
GHCND:USC00124272,19760404,77,43
GHCND:USC00124272,19760405,52,31
GHCND:USC00124272,19760406,59,38
GHCND:USC00124272,19760407,68,41
GHCND:USC00124272,19760408,66,38
GHCND:USC00124272,19760409,54,30
GHCND:USC00124272,19760410,55,32
GHCND:USC00124272,19760411,68,28
GHCND:USC00124272,19760412,53,29
GHCND:USC00124272,19760413,55,29
GHCND:USC00124272,19760414,66,37
GHCND:USC00124272,19760415,79,47
GHCND:USC00124272,19760416,83,63
GHCND:USC00124272,19760417,83,55
GHCND:USC00124272,19760418,84,50
GHCND:USC00124272,19760419,81,61
GHCND:USC00124272,19760420,75,57
GHCND:USC00124272,19760421,74,57
GHCND:USC00124272,19760422,72,50
GHCND:USC00124272,19760423,75,50
GHCND:USC00124272,19760424,81,55
GHCND:USC00124272,19760425,80,52
GHCND:USC00124272,19760426,57,28
GHCND:USC00124272,19760427,52,32
GHCND:USC00124272,19760428,49,34
GHCND:USC00124272,19760429,58,34
GHCND:USC00124272,19760430,64,34
GHCND:USC00124272,19760501,70,43
GHCND:USC00124272,19760502,65,47
GHCND:USC00124272,19760503,68,32
GHCND:USC00124272,19760504,48,32
GHCND:USC00124272,19760505,65,36
GHCND:USC00124272,19760506,82,59
GHCND:USC00124272,19760507,75,48
GHCND:USC00124272,19760508,58,36
GHCND:USC00124272,19760509,61,38
GHCND:USC00124272,19760510,71,40
GHCND:USC00124272,19760511,74,40
GHCND:USC00124272,19760512,71,34
GHCND:USC00124272,19760513,69,45
GHCND:USC00124272,19760514,84,51
GHCND:USC00124272,19760515,73,56
GHCND:USC00124272,19760516,76,55
GHCND:USC00124272,19760517,70,49
GHCND:USC00124272,19760518,61,44
GHCND:USC00124272,19760519,65,44
GHCND:USC00124272,19760520,73,50
GHCND:USC00124272,19760521,81,51
GHCND:USC00124272,19760522,83,51
GHCND:USC00124272,19760523,77,52
GHCND:USC00124272,19760524,71,49
GHCND:USC00124272,19760525,70,45
GHCND:USC00124272,19760526,69,48
GHCND:USC00124272,19760527,74,51
GHCND:USC00124272,19760528,76,52
GHCND:USC00124272,19760529,64,50
GHCND:USC00124272,19760530,72,57
GHCND:USC00124272,19760531,74,63
GHCND:USC00124272,19760601,76,61
GHCND:USC00124272,19760602,74,62
GHCND:USC00124272,19760603,74,57
GHCND:USC00124272,19760604,76,58
GHCND:USC00124272,19760605,81,58
GHCND:USC00124272,19760606,79,54
GHCND:USC00124272,19760607,83,56
GHCND:USC00124272,19760608,87,60
GHCND:USC00124272,19760609,89,61
GHCND:USC00124272,19760610,91,63
GHCND:USC00124272,19760611,88,58
GHCND:USC00124272,19760612,91,67
GHCND:USC00124272,19760613,91,70
GHCND:USC00124272,19760614,92,73
GHCND:USC00124272,19760615,92,75
GHCND:USC00124272,19760616,88,63
GHCND:USC00124272,19760617,78,57
GHCND:USC00124272,19760618,85,62
GHCND:USC00124272,19760619,89,61
GHCND:USC00124272,19760620,76,54
GHCND:USC00124272,19760621,79,58
GHCND:USC00124272,19760622,76,58
GHCND:USC00124272,19760623,68,58
GHCND:USC00124272,19760624,78,60
GHCND:USC00124272,19760625,78,61
GHCND:USC00124272,19760626,78,57
GHCND:USC00124272,19760627,84,61
GHCND:USC00124272,19760628,88,65
GHCND:USC00124272,19760629,84,63
GHCND:USC00124272,19760630,89,60
GHCND:USC00124272,19760701,72,58
GHCND:USC00124272,19760702,78,59
GHCND:USC00124272,19760703,80,61
GHCND:USC00124272,19760704,81,61
GHCND:USC00124272,19760705,81,62
GHCND:USC00124272,19760706,81,64
GHCND:USC00124272,19760707,82,59
GHCND:USC00124272,19760708,83,58
GHCND:USC00124272,19760709,85,66
GHCND:USC00124272,19760710,86,67
GHCND:USC00124272,19760711,90,73
GHCND:USC00124272,19760712,93,66
GHCND:USC00124272,19760713,80,55
GHCND:USC00124272,19760714,84,58
GHCND:USC00124272,19760715,94,64
GHCND:USC00124272,19760716,92,62
GHCND:USC00124272,19760717,81,54
GHCND:USC00124272,19760718,77,54
GHCND:USC00124272,19760719,80,58
GHCND:USC00124272,19760720,84,62
GHCND:USC00124272,19760721,87,66
GHCND:USC00124272,19760722,87,70
GHCND:USC00124272,19760723,84,71
GHCND:USC00124272,19760724,93,69
GHCND:USC00124272,19760725,90,65
GHCND:USC00124272,19760726,85,64
GHCND:USC00124272,19760727,88,66
GHCND:USC00124272,19760728,83,68
GHCND:USC00124272,19760729,88,66
GHCND:USC00124272,19760730,84,66
GHCND:USC00124272,19760731,84,65
GHCND:USC00124272,19760801,84,60
GHCND:USC00124272,19760802,77,59
GHCND:USC00124272,19760803,78,56
GHCND:USC00124272,19760804,78,54
GHCND:USC00124272,19760805,81,55
GHCND:USC00124272,19760806,86,55
GHCND:USC00124272,19760807,76,59
GHCND:USC00124272,19760808,76,55
GHCND:USC00124272,19760809,75,56
GHCND:USC00124272,19760810,82,56
GHCND:USC00124272,19760811,85,57
GHCND:USC00124272,19760812,82,63
GHCND:USC00124272,19760813,88,66
GHCND:USC00124272,19760814,86,65
GHCND:USC00124272,19760815,85,66
GHCND:USC00124272,19760816,76,57
GHCND:USC00124272,19760817,78,56
GHCND:USC00124272,19760818,78,57
GHCND:USC00124272,19760819,81,60
GHCND:USC00124272,19760820,82,60
GHCND:USC00124272,19760821,83,63
GHCND:USC00124272,19760822,85,63
GHCND:USC00124272,19760823,85,64
GHCND:USC00124272,19760824,88,68
GHCND:USC00124272,19760825,86,68
GHCND:USC00124272,19760826,80,66
GHCND:USC00124272,19760827,86,66
GHCND:USC00124272,19760828,89,67
GHCND:USC00124272,19760829,86,56
GHCND:USC00124272,19760830,78,50
GHCND:USC00124272,19760831,78,51
GHCND:USC00124272,19760901,82,57
GHCND:USC00124272,19760902,71,61
GHCND:USC00124272,19760903,74,56
GHCND:USC00124272,19760904,81,56
GHCND:USC00124272,19760905,85,55
GHCND:USC00124272,19760906,76,50
GHCND:USC00124272,19760907,78,52
GHCND:USC00124272,19760908,85,52
GHCND:USC00124272,19760909,88,57
GHCND:USC00124272,19760910,75,50
GHCND:USC00124272,19760911,70,47
GHCND:USC00124272,19760912,79,40
GHCND:USC00124272,19760913,81,48
GHCND:USC00124272,19760914,84,55
GHCND:USC00124272,19760915,84,55
GHCND:USC00124272,19760916,79,59
GHCND:USC00124272,19760917,76,58
GHCND:USC00124272,19760918,76,54
GHCND:USC00124272,19760919,79,54
GHCND:USC00124272,19760920,83,51
GHCND:USC00124272,19760921,69,40
GHCND:USC00124272,19760922,68,39
GHCND:USC00124272,19760923,70,37
GHCND:USC00124272,19760924,75,44
GHCND:USC00124272,19760925,72,41
GHCND:USC00124272,19760926,73,48
GHCND:USC00124272,19760927,71,59
GHCND:USC00124272,19760928,60,50
GHCND:USC00124272,19760929,63,43
GHCND:USC00124272,19760930,69,44
GHCND:USC00124272,19761001,71,41
GHCND:USC00124272,19761002,70,46
GHCND:USC00124272,19761003,81,48
GHCND:USC00124272,19761004,82,48
GHCND:USC00124272,19761005,80,53
GHCND:USC00124272,19761006,77,50
GHCND:USC00124272,19761007,55,47
GHCND:USC00124272,19761008,52,47
GHCND:USC00124272,19761009,58,45
GHCND:USC00124272,19761010,56,34
GHCND:USC00124272,19761011,63,33
GHCND:USC00124272,19761012,68,42
GHCND:USC00124272,19761013,80,48
GHCND:USC00124272,19761014,75,38
GHCND:USC00124272,19761015,68,38
GHCND:USC00124272,19761016,68,37
GHCND:USC00124272,19761017,55,37
GHCND:USC00124272,19761018,50,28
GHCND:USC00124272,19761019,52,28
GHCND:USC00124272,19761020,46,40
GHCND:USC00124272,19761021,46,34
GHCND:USC00124272,19761022,50,29
GHCND:USC00124272,19761023,48,27
GHCND:USC00124272,19761024,52,32
GHCND:USC00124272,19761025,58,45
GHCND:USC00124272,19761026,50,35
GHCND:USC00124272,19761027,49,34
GHCND:USC00124272,19761028,43,21
GHCND:USC00124272,19761029,48,21
GHCND:USC00124272,19761030,52,27
GHCND:USC00124272,19761031,46,38
GHCND:USC00124272,19761101,51,28
GHCND:USC00124272,19761102,53,28
GHCND:USC00124272,19761103,60,36
GHCND:USC00124272,19761104,51,33
GHCND:USC00124272,19761105,40,27
GHCND:USC00124272,19761106,47,32
GHCND:USC00124272,19761107,54,33
GHCND:USC00124272,19761108,41,21
GHCND:USC00124272,19761109,40,20
GHCND:USC00124272,19761110,58,33
GHCND:USC00124272,19761111,46,28
GHCND:USC00124272,19761112,36,21
GHCND:USC00124272,19761113,39,21
GHCND:USC00124272,19761114,40,17
GHCND:USC00124272,19761115,40,16
GHCND:USC00124272,19761116,44,20
GHCND:USC00124272,19761117,47,21
GHCND:USC00124272,19761118,54,25
GHCND:USC00124272,19761119,58,30
GHCND:USC00124272,19761120,52,35
GHCND:USC00124272,19761121,50,33
GHCND:USC00124272,19761122,39,26
GHCND:USC00124272,19761123,33,20
GHCND:USC00124272,19761124,36,18
GHCND:USC00124272,19761125,40,28
GHCND:USC00124272,19761126,61,31
GHCND:USC00124272,19761127,58,47
GHCND:USC00124272,19761128,48,20
GHCND:USC00124272,19761129,22,8
GHCND:USC00124272,19761130,16,3
GHCND:USC00124272,19761201,25,9
GHCND:USC00124272,19761202,34,20
GHCND:USC00124272,19761203,22,8
GHCND:USC00124272,19761204,35,13
GHCND:USC00124272,19761205,33,14
GHCND:USC00124272,19761206,38,15
GHCND:USC00124272,19761207,44,27
GHCND:USC00124272,19761208,28,15
GHCND:USC00124272,19761209,25,12
GHCND:USC00124272,19761210,44,16
GHCND:USC00124272,19761211,44,22
GHCND:USC00124272,19761212,34,22
GHCND:USC00124272,19761213,36,15
GHCND:USC00124272,19761214,29,13
GHCND:USC00124272,19761215,48,22
GHCND:USC00124272,19761216,51,23
GHCND:USC00124272,19761217,35,25
GHCND:USC00124272,19761218,45,24
GHCND:USC00124272,19761219,49,24
GHCND:USC00124272,19761220,57,29
GHCND:USC00124272,19761221,35,4
GHCND:USC00124272,19761222,18,2
GHCND:USC00124272,19761223,31,11
GHCND:USC00124272,19761224,29,9
GHCND:USC00124272,19761225,39,9
GHCND:USC00124272,19761226,44,22
GHCND:USC00124272,19761227,33,13
GHCND:USC00124272,19761228,43,16
GHCND:USC00124272,19761229,31,4
GHCND:USC00124272,19761230,13,1
GHCND:USC00124272,19761231,25,-8
GHCND:USC00124272,19770101,12,-8
GHCND:USC00124272,19770102,18,0
GHCND:USC00124272,19770103,24,5
GHCND:USC00124272,19770104,28,20
GHCND:USC00124272,19770105,31,25
GHCND:USC00124272,19770106,32,8
GHCND:USC00124272,19770107,28,7
GHCND:USC00124272,19770108,14,1
GHCND:USC00124272,19770109,23,6
GHCND:USC00124272,19770110,16,5
GHCND:USC00124272,19770111,10,-8
GHCND:USC00124272,19770112,8,-8
GHCND:USC00124272,19770113,10,-6
GHCND:USC00124272,19770114,28,-10
GHCND:USC00124272,19770115,30,10
GHCND:USC00124272,19770116,20,-12
GHCND:USC00124272,19770117,-8,-20
GHCND:USC00124272,19770118,3,-20
GHCND:USC00124272,19770119,13,-9
GHCND:USC00124272,19770120,16,0
GHCND:USC00124272,19770121,24,10
GHCND:USC00124272,19770122,25,0
GHCND:USC00124272,19770123,25,5
GHCND:USC00124272,19770124,25,12
GHCND:USC00124272,19770125,31,22
GHCND:USC00124272,19770126,28,22
GHCND:USC00124272,19770127,34,2
GHCND:USC00124272,19770128,31,0
GHCND:USC00124272,19770129,4,-10
GHCND:USC00124272,19770130,8,-12
GHCND:USC00124272,19770131,10,-2
GHCND:USC00124272,19770201,16,1
GHCND:USC00124272,19770202,21,1
GHCND:USC00124272,19770203,35,1
GHCND:USC00124272,19770204,36,28
GHCND:USC00124272,19770205,35,10
GHCND:USC00124272,19770206,16,-3
GHCND:USC00124272,19770207,15,-3
GHCND:USC00124272,19770208,20,-2
GHCND:USC00124272,19770209,30,5
GHCND:USC00124272,19770210,45,30
GHCND:USC00124272,19770211,53,29
GHCND:USC00124272,19770212,55,36
GHCND:USC00124272,19770213,41,34
GHCND:USC00124272,19770214,37,25
GHCND:USC00124272,19770215,34,20
GHCND:USC00124272,19770216,25,14
GHCND:USC00124272,19770217,24,10
GHCND:USC00124272,19770218,36,9
GHCND:USC00124272,19770219,48,30
GHCND:USC00124272,19770220,39,23
GHCND:USC00124272,19770221,32,20
GHCND:USC00124272,19770222,45,21
GHCND:USC00124272,19770223,64,45
GHCND:USC00124272,19770224,66,48
GHCND:USC00124272,19770225,50,35
GHCND:USC00124272,19770226,49,37
GHCND:USC00124272,19770227,40,27
GHCND:USC00124272,19770228,30,23
GHCND:USC00124272,19770301,42,24
GHCND:USC00124272,19770302,34,19
GHCND:USC00124272,19770303,40,19
GHCND:USC00124272,19770304,48,35
GHCND:USC00124272,19770305,48,35
GHCND:USC00124272,19770306,39,25
GHCND:USC00124272,19770307,47,20
GHCND:USC00124272,19770308,48,26
GHCND:USC00124272,19770309,68,34
GHCND:USC00124272,19770310,69,45
GHCND:USC00124272,19770311,68,37
GHCND:USC00124272,19770312,69,47
GHCND:USC00124272,19770313,67,46
GHCND:USC00124272,19770314,52,42
GHCND:USC00124272,19770315,70,39
GHCND:USC00124272,19770316,77,38
GHCND:USC00124272,19770317,56,32
GHCND:USC00124272,19770318,53,36
GHCND:USC00124272,19770319,52,32
GHCND:USC00124272,19770320,43,29
GHCND:USC00124272,19770321,46,32
GHCND:USC00124272,19770322,60,32
GHCND:USC00124272,19770323,42,28
GHCND:USC00124272,19770324,52,26
GHCND:USC00124272,19770325,47,26
GHCND:USC00124272,19770326,58,29
GHCND:USC00124272,19770327,67,35
GHCND:USC00124272,19770328,63,50
GHCND:USC00124272,19770329,69,60
GHCND:USC00124272,19770330,76,47
GHCND:USC00124272,19770331,76,40
GHCND:USC00124272,19770401,49,31
GHCND:USC00124272,19770402,63,35
GHCND:USC00124272,19770403,74,41
GHCND:USC00124272,19770404,55,43
GHCND:USC00124272,19770405,61,32
GHCND:USC00124272,19770406,43,30
GHCND:USC00124272,19770407,43,29
GHCND:USC00124272,19770408,68,31
GHCND:USC00124272,19770409,50,30
GHCND:USC00124272,19770410,57,25
GHCND:USC00124272,19770411,82,39
GHCND:USC00124272,19770412,82,55
GHCND:USC00124272,19770413,82,55
GHCND:USC00124272,19770414,82,56
GHCND:USC00124272,19770415,80,54
GHCND:USC00124272,19770416,81,54
GHCND:USC00124272,19770417,82,54
GHCND:USC00124272,19770418,84,57
GHCND:USC00124272,19770419,87,56
GHCND:USC00124272,19770420,72,60
GHCND:USC00124272,19770421,77,62
GHCND:USC00124272,19770422,70,62
GHCND:USC00124272,19770423,66,52
GHCND:USC00124272,19770424,57,50
GHCND:USC00124272,19770425,66,39
GHCND:USC00124272,19770426,48,36
GHCND:USC00124272,19770427,67,37
GHCND:USC00124272,19770428,78,47
GHCND:USC00124272,19770429,63,33
GHCND:USC00124272,19770430,62,35
GHCND:USC00124272,19770501,70,46
GHCND:USC00124272,19770502,74,51
GHCND:USC00124272,19770503,80,60
GHCND:USC00124272,19770504,74,60
GHCND:USC00124272,19770505,77,58
GHCND:USC00124272,19770506,82,65
GHCND:USC00124272,19770507,72,62
GHCND:USC00124272,19770508,75,48
GHCND:USC00124272,19770509,70,39
GHCND:USC00124272,19770510,59,36
GHCND:USC00124272,19770511,64,45
GHCND:USC00124272,19770512,72,45
GHCND:USC00124272,19770513,76,49
GHCND:USC00124272,19770514,81,55
GHCND:USC00124272,19770515,83,55
GHCND:USC00124272,19770516,86,62
GHCND:USC00124272,19770517,87,64
GHCND:USC00124272,19770518,92,66
GHCND:USC00124272,19770519,86,64
GHCND:USC00124272,19770520,90,61
GHCND:USC00124272,19770521,89,65
GHCND:USC00124272,19770522,88,67
GHCND:USC00124272,19770523,87,61
GHCND:USC00124272,19770524,85,63
GHCND:USC00124272,19770525,88,67
GHCND:USC00124272,19770526,87,66
GHCND:USC00124272,19770527,85,60
GHCND:USC00124272,19770528,88,62
GHCND:USC00124272,19770529,89,66
GHCND:USC00124272,19770530,90,64
GHCND:USC00124272,19770531,89,67
GHCND:USC00124272,19770601,89,62
GHCND:USC00124272,19770602,82,53
GHCND:USC00124272,19770603,74,49
GHCND:USC00124272,19770604,79,54
GHCND:USC00124272,19770605,88,60
GHCND:USC00124272,19770606,83,68
GHCND:USC00124272,19770607,76,45
GHCND:USC00124272,19770608,68,46
GHCND:USC00124272,19770609,73,44
GHCND:USC00124272,19770610,70,49
GHCND:USC00124272,19770611,72,55
GHCND:USC00124272,19770612,83,61
GHCND:USC00124272,19770613,79,61
GHCND:USC00124272,19770614,77,61
GHCND:USC00124272,19770615,80,63
GHCND:USC00124272,19770616,85,64
GHCND:USC00124272,19770617,89,69
GHCND:USC00124272,19770618,90,70
GHCND:USC00124272,19770619,86,60
GHCND:USC00124272,19770620,82,63
GHCND:USC00124272,19770621,89,57
GHCND:USC00124272,19770622,82,59
GHCND:USC00124272,19770623,66,58
GHCND:USC00124272,19770624,75,62
GHCND:USC00124272,19770625,83,64
GHCND:USC00124272,19770626,85,49
GHCND:USC00124272,19770627,86,64
GHCND:USC00124272,19770628,82,70
GHCND:USC00124272,19770629,87,64
GHCND:USC00124272,19770630,81,63
GHCND:USC00124272,19770701,89,63
GHCND:USC00124272,19770702,81,56
GHCND:USC00124272,19770703,82,60
GHCND:USC00124272,19770704,85,62
GHCND:USC00124272,19770705,92,71
GHCND:USC00124272,19770706,94,75
GHCND:USC00124272,19770707,95,76
GHCND:USC00124272,19770708,95,67
GHCND:USC00124272,19770709,90,67
GHCND:USC00124272,19770710,88,71
GHCND:USC00124272,19770711,78,69
GHCND:USC00124272,19770712,84,68
GHCND:USC00124272,19770713,90,73
GHCND:USC00124272,19770714,93,70
GHCND:USC00124272,19770715,93,73
GHCND:USC00124272,19770716,96,75
GHCND:USC00124272,19770717,92,70
GHCND:USC00124272,19770718,93,73
GHCND:USC00124272,19770719,93,73
GHCND:USC00124272,19770720,95,75
GHCND:USC00124272,19770721,94,74
GHCND:USC00124272,19770722,89,70
GHCND:USC00124272,19770723,89,62
GHCND:USC00124272,19770724,88,62
GHCND:USC00124272,19770725,88,64
GHCND:USC00124272,19770726,87,58
GHCND:USC00124272,19770727,79,58
GHCND:USC00124272,19770728,80,58
GHCND:USC00124272,19770729,86,61
GHCND:USC00124272,19770730,86,66
GHCND:USC00124272,19770731,91,68
GHCND:USC00124272,19770801,86,62
GHCND:USC00124272,19770802,81,55
GHCND:USC00124272,19770803,85,59
GHCND:USC00124272,19770804,87,65
GHCND:USC00124272,19770805,90,70
GHCND:USC00124272,19770806,92,73
GHCND:USC00124272,19770807,92,69
GHCND:USC00124272,19770808,82,66
GHCND:USC00124272,19770809,86,68
GHCND:USC00124272,19770810,84,68
GHCND:USC00124272,19770811,83,69
GHCND:USC00124272,19770812,86,62
GHCND:USC00124272,19770813,80,62
GHCND:USC00124272,19770814,82,67
GHCND:USC00124272,19770815,84,65
GHCND:USC00124272,19770816,86,65
GHCND:USC00124272,19770817,86,67
GHCND:USC00124272,19770818,78,55
GHCND:USC00124272,19770819,73,55
GHCND:USC00124272,19770820,76,56
GHCND:USC00124272,19770821,79,60
GHCND:USC00124272,19770822,75,61
GHCND:USC00124272,19770823,80,60
GHCND:USC00124272,19770824,76,63
GHCND:USC00124272,19770825,74,55
GHCND:USC00124272,19770826,72,54
GHCND:USC00124272,19770827,88,59
GHCND:USC00124272,19770828,87,68
GHCND:USC00124272,19770829,89,68
GHCND:USC00124272,19770830,75,68
GHCND:USC00124272,19770831,85,68
GHCND:USC00124272,19770901,92,68
GHCND:USC00124272,19770902,92,73
GHCND:USC00124272,19770903,91,67
GHCND:USC00124272,19770904,78,62
GHCND:USC00124272,19770905,85,63
GHCND:USC00124272,19770906,77,67
GHCND:USC00124272,19770907,80,66
GHCND:USC00124272,19770908,85,61
GHCND:USC00124272,19770909,83,60
GHCND:USC00124272,19770910,85,55
GHCND:USC00124272,19770911,76,49
GHCND:USC00124272,19770912,76,49
GHCND:USC00124272,19770913,69,58
GHCND:USC00124272,19770914,80,58
GHCND:USC00124272,19770915,74,58
GHCND:USC00124272,19770916,80,57
GHCND:USC00124272,19770917,80,54
GHCND:USC00124272,19770918,83,63
GHCND:USC00124272,19770919,84,65
GHCND:USC00124272,19770920,78,59
GHCND:USC00124272,19770921,67,48
GHCND:USC00124272,19770922,64,47
GHCND:USC00124272,19770923,81,51
GHCND:USC00124272,19770924,83,58
GHCND:USC00124272,19770925,76,63
GHCND:USC00124272,19770926,76,62
GHCND:USC00124272,19770927,80,59
GHCND:USC00124272,19770928,74,47
GHCND:USC00124272,19770929,72,46
GHCND:USC00124272,19770930,76,47
GHCND:USC00124272,19771001,76,52
GHCND:USC00124272,19771002,68,51
GHCND:USC00124272,19771003,62,43
GHCND:USC00124272,19771004,63,39
GHCND:USC00124272,19771005,68,39
GHCND:USC00124272,19771006,70,42
GHCND:USC00124272,19771007,62,42
GHCND:USC00124272,19771008,60,38
GHCND:USC00124272,19771009,73,44
GHCND:USC00124272,19771010,57,36
GHCND:USC00124272,19771011,63,37
GHCND:USC00124272,19771012,53,31
GHCND:USC00124272,19771013,50,32
GHCND:USC00124272,19771014,56,31
GHCND:USC00124272,19771015,63,31
GHCND:USC00124272,19771016,58,38
GHCND:USC00124272,19771017,46,30
GHCND:USC00124272,19771018,61,30
GHCND:USC00124272,19771019,60,33
GHCND:USC00124272,19771020,56,33
GHCND:USC00124272,19771021,63,33
GHCND:USC00124272,19771022,70,42
GHCND:USC00124272,19771023,71,51
GHCND:USC00124272,19771024,70,50
GHCND:USC00124272,19771025,70,51
GHCND:USC00124272,19771026,60,56
GHCND:USC00124272,19771027,62,46
GHCND:USC00124272,19771028,65,44
GHCND:USC00124272,19771029,64,42
GHCND:USC00124272,19771030,63,41
GHCND:USC00124272,19771031,65,41
GHCND:USC00124272,19771101,65,47
GHCND:USC00124272,19771102,69,52
GHCND:USC00124272,19771103,75,52
GHCND:USC00124272,19771104,72,60
GHCND:USC00124272,19771105,69,53
GHCND:USC00124272,19771106,71,53
GHCND:USC00124272,19771107,72,58
GHCND:USC00124272,19771108,64,60
GHCND:USC00124272,19771109,65,56
GHCND:USC00124272,19771110,66,30
GHCND:USC00124272,19771111,40,31
GHCND:USC00124272,19771112,43,27
GHCND:USC00124272,19771113,38,20
GHCND:USC00124272,19771114,41,20
GHCND:USC00124272,19771115,58,35
GHCND:USC00124272,19771116,57,51
GHCND:USC00124272,19771117,54,42
GHCND:USC00124272,19771118,50,37
GHCND:USC00124272,19771119,45,31
GHCND:USC00124272,19771120,50,32
GHCND:USC00124272,19771121,60,34
GHCND:USC00124272,19771122,40,29
GHCND:USC00124272,19771123,39,29
GHCND:USC00124272,19771124,46,36
GHCND:USC00124272,19771125,37,31
GHCND:USC00124272,19771126,37,10
GHCND:USC00124272,19771127,25,9
GHCND:USC00124272,19771128,33,18
GHCND:USC00124272,19771129,29,17
GHCND:USC00124272,19771130,34,25
GHCND:USC00124272,19771201,55,34
GHCND:USC00124272,19771202,40,29
GHCND:USC00124272,19771203,43,24
GHCND:USC00124272,19771204,35,22
GHCND:USC00124272,19771205,38,22
GHCND:USC00124272,19771206,34,24
GHCND:USC00124272,19771207,24,-2
GHCND:USC00124272,19771208,21,-3
GHCND:USC00124272,19771209,33,4
GHCND:USC00124272,19771210,16,-1
GHCND:USC00124272,19771211,7,-5
GHCND:USC00124272,19771212,32,-5
GHCND:USC00124272,19771213,39,30
GHCND:USC00124272,19771214,44,36
GHCND:USC00124272,19771215,42,30
GHCND:USC00124272,19771216,39,29
GHCND:USC00124272,19771217,54,34
GHCND:USC00124272,19771218,54,36
GHCND:USC00124272,19771219,43,37
GHCND:USC00124272,19771220,50,35
GHCND:USC00124272,19771221,35,20
GHCND:USC00124272,19771222,24,20
GHCND:USC00124272,19771223,38,23
GHCND:USC00124272,19771224,47,30
GHCND:USC00124272,19771225,51,10
GHCND:USC00124272,19771226,21,-4
GHCND:USC00124272,19771227,21,-2
GHCND:USC00124272,19771228,14,5
GHCND:USC00124272,19771229,30,10
GHCND:USC00124272,19771230,38,25
GHCND:USC00124272,19771231,39,32
GHCND:USC00124272,19780101,39,32
GHCND:USC00124272,19780102,35,4
GHCND:USC00124272,19780103,22,4
GHCND:USC00124272,19780104,26,10
GHCND:USC00124272,19780105,43,22
GHCND:USC00124272,19780106,37,32
GHCND:USC00124272,19780107,38,33
GHCND:USC00124272,19780108,45,35
GHCND:USC00124272,19780109,36,5
GHCND:USC00124272,19780110,5,-3
GHCND:USC00124272,19780111,11,-3
GHCND:USC00124272,19780112,20,3
GHCND:USC00124272,19780113,22,16
GHCND:USC00124272,19780114,26,18
GHCND:USC00124272,19780115,26,11
GHCND:USC00124272,19780116,20,5
GHCND:USC00124272,19780117,23,15
GHCND:USC00124272,19780118,22,11
GHCND:USC00124272,19780119,26,12
GHCND:USC00124272,19780120,26,14
GHCND:USC00124272,19780121,25,19
GHCND:USC00124272,19780122,24,-2
GHCND:USC00124272,19780123,23,-2
GHCND:USC00124272,19780124,29,4
GHCND:USC00124272,19780125,36,22
GHCND:USC00124272,19780126,34,0
GHCND:USC00124272,19780127,13,0
GHCND:USC00124272,19780128,12,4
GHCND:USC00124272,19780129,15,-2
GHCND:USC00124272,19780130,14,-2
GHCND:USC00124272,19780131,18,-1
GHCND:USC00124272,19780201,20,2
GHCND:USC00124272,19780202,20,5
GHCND:USC00124272,19780203,26,9
GHCND:USC00124272,19780204,22,9
GHCND:USC00124272,19780205,30,10
GHCND:USC00124272,19780206,25,3
GHCND:USC00124272,19780207,18,0
GHCND:USC00124272,19780208,18,0
GHCND:USC00124272,19780209,22,5
GHCND:USC00124272,19780210,23,-6
GHCND:USC00124272,19780211,28,-5
GHCND:USC00124272,19780212,28,6
GHCND:USC00124272,19780213,33,10
GHCND:USC00124272,19780214,28,18
GHCND:USC00124272,19780215,25,3
GHCND:USC00124272,19780216,29,11
GHCND:USC00124272,19780217,24,10
GHCND:USC00124272,19780218,22,9
GHCND:USC00124272,19780219,24,5
GHCND:USC00124272,19780220,23,4
GHCND:USC00124272,19780221,26,4
GHCND:USC00124272,19780222,26,8
GHCND:USC00124272,19780223,26,6
GHCND:USC00124272,19780224,29,20
GHCND:USC00124272,19780225,40,24
GHCND:USC00124272,19780226,34,17
GHCND:USC00124272,19780227,26,11
GHCND:USC00124272,19780228,28,10
GHCND:USC00124272,19780301,33,22
GHCND:USC00124272,19780302,29,8
GHCND:USC00124272,19780303,25,10
GHCND:USC00124272,19780304,28,8
GHCND:USC00124272,19780305,25,3
GHCND:USC00124272,19780306,26,0
GHCND:USC00124272,19780307,39,19
GHCND:USC00124272,19780308,31,24
GHCND:USC00124272,19780309,29,22
GHCND:USC00124272,19780310,41,25
GHCND:USC00124272,19780311,42,25
GHCND:USC00124272,19780312,42,30
GHCND:USC00124272,19780313,42,34
GHCND:USC00124272,19780314,45,34
GHCND:USC00124272,19780315,41,32
GHCND:USC00124272,19780316,39,32
GHCND:USC00124272,19780317,40,24
GHCND:USC00124272,19780318,36,21
GHCND:USC00124272,19780319,49,21
GHCND:USC00124272,19780320,49,32
GHCND:USC00124272,19780321,65,32
GHCND:USC00124272,19780322,45,32
GHCND:USC00124272,19780323,63,32
GHCND:USC00124272,19780324,46,34
GHCND:USC00124272,19780325,36,32
GHCND:USC00124272,19780326,40,32
GHCND:USC00124272,19780327,41,34
GHCND:USC00124272,19780328,40,33
GHCND:USC00124272,19780329,63,34
GHCND:USC00124272,19780330,53,32
GHCND:USC00124272,19780331,60,32
GHCND:USC00124272,19780401,80,44
GHCND:USC00124272,19780402,72,39
GHCND:USC00124272,19780403,48,36
GHCND:USC00124272,19780404,80,44
GHCND:USC00124272,19780405,65,42
GHCND:USC00124272,19780406,62,39
GHCND:USC00124272,19780407,71,44
GHCND:USC00124272,19780408,74,44
GHCND:USC00124272,19780409,66,42
GHCND:USC00124272,19780410,75,40
GHCND:USC00124272,19780411,80,42
GHCND:USC00124272,19780412,58,43
GHCND:USC00124272,19780413,70,44
GHCND:USC00124272,19780414,55,37
GHCND:USC00124272,19780415,59,38
GHCND:USC00124272,19780416,61,37
GHCND:USC00124272,19780417,52,35
GHCND:USC00124272,19780418,62,38
GHCND:USC00124272,19780419,70,45
GHCND:USC00124272,19780420,55,43
GHCND:USC00124272,19780421,46,37
GHCND:USC00124272,19780422,40,27
GHCND:USC00124272,19780423,57,28
GHCND:USC00124272,19780424,59,41
GHCND:USC00124272,19780425,60,45
GHCND:USC00124272,19780426,53,44
GHCND:USC00124272,19780427,60,43
GHCND:USC00124272,19780428,65,42
GHCND:USC00124272,19780429,68,43
GHCND:USC00124272,19780430,67,49
GHCND:USC00124272,19780501,62,36
GHCND:USC00124272,19780502,54,30
GHCND:USC00124272,19780503,60,36
GHCND:USC00124272,19780504,64,41
GHCND:USC00124272,19780505,51,42
GHCND:USC00124272,19780506,51,41
GHCND:USC00124272,19780507,62,44
GHCND:USC00124272,19780508,57,45
GHCND:USC00124272,19780509,76,52
GHCND:USC00124272,19780510,61,49
GHCND:USC00124272,19780511,72,49
GHCND:USC00124272,19780512,74,57
GHCND:USC00124272,19780513,70,48
GHCND:USC00124272,19780514,57,42
GHCND:USC00124272,19780515,48,42
GHCND:USC00124272,19780516,55,45
GHCND:USC00124272,19780517,65,50
GHCND:USC00124272,19780518,71,50
GHCND:USC00124272,19780519,79,53
GHCND:USC00124272,19780520,83,54
GHCND:USC00124272,19780521,81,53
GHCND:USC00124272,19780522,64,48
GHCND:USC00124272,19780523,67,48
GHCND:USC00124272,19780524,74,57
GHCND:USC00124272,19780525,75,56
GHCND:USC00124272,19780526,82,59
GHCND:USC00124272,19780527,85,62
GHCND:USC00124272,19780528,87,63
GHCND:USC00124272,19780529,88,68
GHCND:USC00124272,19780530,88,69
GHCND:USC00124272,19780531,81,61
GHCND:USC00124272,19780601,87,64
GHCND:USC00124272,19780602,89,67
GHCND:USC00124272,19780603,75,59
GHCND:USC00124272,19780604,75,57
GHCND:USC00124272,19780605,81,59
GHCND:USC00124272,19780606,81,60
GHCND:USC00124272,19780607,77,60
GHCND:USC00124272,19780608,76,66
GHCND:USC00124272,19780609,74,50
GHCND:USC00124272,19780610,77,51
GHCND:USC00124272,19780611,82,60
GHCND:USC00124272,19780612,86,62
GHCND:USC00124272,19780613,84,53
GHCND:USC00124272,19780614,71,48
GHCND:USC00124272,19780615,75,52
GHCND:USC00124272,19780616,74,60
GHCND:USC00124272,19780617,87,64
GHCND:USC00124272,19780618,91,70
GHCND:USC00124272,19780619,86,62
GHCND:USC00124272,19780620,81,63
GHCND:USC00124272,19780621,86,66
GHCND:USC00124272,19780622,77,55
GHCND:USC00124272,19780623,80,57
GHCND:USC00124272,19780624,81,61
GHCND:USC00124272,19780625,87,65
GHCND:USC00124272,19780626,88,68
GHCND:USC00124272,19780627,93,74
GHCND:USC00124272,19780628,94,71
GHCND:USC00124272,19780629,90,73
GHCND:USC00124272,19780630,91,73
GHCND:USC00124272,19780701,90,69
GHCND:USC00124272,19780702,89,66
GHCND:USC00124272,19780703,82,67
GHCND:USC00124272,19780704,77,64
GHCND:USC00124272,19780705,82,62
GHCND:USC00124272,19780706,81,63
GHCND:USC00124272,19780707,85,65
GHCND:USC00124272,19780708,91,67
GHCND:USC00124272,19780709,85,66
GHCND:USC00124272,19780710,87,66
GHCND:USC00124272,19780711,78,55
GHCND:USC00124272,19780712,75,56
GHCND:USC00124272,19780713,79,60
GHCND:USC00124272,19780714,84,64
GHCND:USC00124272,19780715,86,71
GHCND:USC00124272,19780716,81,66
GHCND:USC00124272,19780717,83,62
GHCND:USC00124272,19780718,85,66
GHCND:USC00124272,19780719,86,68
GHCND:USC00124272,19780720,92,69
GHCND:USC00124272,19780721,92,75
GHCND:USC00124272,19780722,93,71
GHCND:USC00124272,19780723,91,74
GHCND:USC00124272,19780724,86,66
GHCND:USC00124272,19780725,71,66
GHCND:USC00124272,19780726,86,68
GHCND:USC00124272,19780727,89,66
GHCND:USC00124272,19780728,85,63
GHCND:USC00124272,19780729,82,65
GHCND:USC00124272,19780730,89,64
GHCND:USC00124272,19780731,71,62
GHCND:USC00124272,19780801,79,63
GHCND:USC00124272,19780802,81,65
GHCND:USC00124272,19780803,83,68
GHCND:USC00124272,19780804,83,60
GHCND:USC00124272,19780805,75,56
GHCND:USC00124272,19780806,77,58
GHCND:USC00124272,19780807,81,63
GHCND:USC00124272,19780808,78,60
GHCND:USC00124272,19780809,83,63
GHCND:USC00124272,19780810,87,67
GHCND:USC00124272,19780811,84,66
GHCND:USC00124272,19780812,77,66
GHCND:USC00124272,19780813,78,65
GHCND:USC00124272,19780814,85,65
GHCND:USC00124272,19780815,85,68
GHCND:USC00124272,19780816,90,70
GHCND:USC00124272,19780817,84,63
GHCND:USC00124272,19780818,85,63
GHCND:USC00124272,19780819,90,69
GHCND:USC00124272,19780820,83,56
GHCND:USC00124272,19780821,77,54
GHCND:USC00124272,19780822,79,57
GHCND:USC00124272,19780823,82,59
GHCND:USC00124272,19780824,86,61
GHCND:USC00124272,19780825,89,70
GHCND:USC00124272,19780826,87,72
GHCND:USC00124272,19780827,85,69
GHCND:USC00124272,19780828,88,67
GHCND:USC00124272,19780829,85,69
GHCND:USC00124272,19780830,79,61
GHCND:USC00124272,19780831,64,57
GHCND:USC00124272,19780901,79,55
GHCND:USC00124272,19780902,79,56
GHCND:USC00124272,19780903,82,57
GHCND:USC00124272,19780904,86,59
GHCND:USC00124272,19780905,79,56
GHCND:USC00124272,19780906,83,57
GHCND:USC00124272,19780907,86,59
GHCND:USC00124272,19780908,86,64
GHCND:USC00124272,19780909,88,65
GHCND:USC00124272,19780910,90,65
GHCND:USC00124272,19780911,88,66
GHCND:USC00124272,19780912,87,67
GHCND:USC00124272,19780913,77,70
GHCND:USC00124272,19780914,90,70
GHCND:USC00124272,19780915,82,56
GHCND:USC00124272,19780916,81,56
GHCND:USC00124272,19780917,85,69
GHCND:USC00124272,19780918,88,71
GHCND:USC00124272,19780919,89,69
GHCND:USC00124272,19780920,90,69
GHCND:USC00124272,19780921,89,70
GHCND:USC00124272,19780922,78,57
GHCND:USC00124272,19780923,71,47
GHCND:USC00124272,19780924,72,47
GHCND:USC00124272,19780925,77,52
GHCND:USC00124272,19780926,74,46
GHCND:USC00124272,19780927,78,47
GHCND:USC00124272,19780928,81,47
GHCND:USC00124272,19780929,68,45
GHCND:USC00124272,19780930,75,45
GHCND:USC00124272,19781001,69,49
GHCND:USC00124272,19781002,67,45
GHCND:USC00124272,19781003,72,45
GHCND:USC00124272,19781004,63,48
GHCND:USC00124272,19781005,67,49
GHCND:USC00124272,19781006,65,45
GHCND:USC00124272,19781007,53,44
GHCND:USC00124272,19781008,59,34
GHCND:USC00124272,19781009,60,34
GHCND:USC00124272,19781010,69,40
GHCND:USC00124272,19781011,73,47
GHCND:USC00124272,19781012,62,53
GHCND:USC00124272,19781013,67,47
GHCND:USC00124272,19781014,58,43
GHCND:USC00124272,19781015,52,31
GHCND:USC00124272,19781016,54,31
GHCND:USC00124272,19781017,47,37
GHCND:USC00124272,19781018,58,37
GHCND:USC00124272,19781019,65,38
GHCND:USC00124272,19781020,59,39
GHCND:USC00124272,19781021,74,39
GHCND:USC00124272,19781022,78,48
GHCND:USC00124272,19781023,79,52
GHCND:USC00124272,19781024,57,33
GHCND:USC00124272,19781025,58,35
GHCND:USC00124272,19781026,65,41
GHCND:USC00124272,19781027,53,33
GHCND:USC00124272,19781028,62,35
GHCND:USC00124272,19781029,61,37
GHCND:USC00124272,19781030,59,39
GHCND:USC00124272,19781031,73,39
GHCND:USC00124272,19781101,73,44
GHCND:USC00124272,19781102,64,38
GHCND:USC00124272,19781103,71,38
GHCND:USC00124272,19781104,74,41
GHCND:USC00124272,19781105,74,41
GHCND:USC00124272,19781106,74,49
GHCND:USC00124272,19781107,59,38
GHCND:USC00124272,19781108,50,29
GHCND:USC00124272,19781109,57,29
GHCND:USC00124272,19781110,64,36
GHCND:USC00124272,19781111,64,38
GHCND:USC00124272,19781112,67,45
GHCND:USC00124272,19781113,51,45
GHCND:USC00124272,19781114,71,46
GHCND:USC00124272,19781115,48,34
GHCND:USC00124272,19781116,42,35
GHCND:USC00124272,19781117,54,37
GHCND:USC00124272,19781118,67,39
GHCND:USC00124272,19781119,42,30
GHCND:USC00124272,19781120,45,32
GHCND:USC00124272,19781121,44,35
GHCND:USC00124272,19781122,42,35
GHCND:USC00124272,19781123,50,35
GHCND:USC00124272,19781124,52,34
GHCND:USC00124272,19781125,35,25
GHCND:USC00124272,19781126,47,25
GHCND:USC00124272,19781127,41,34
GHCND:USC00124272,19781128,44,32
GHCND:USC00124272,19781129,36,26
GHCND:USC00124272,19781130,47,28
GHCND:USC00124272,19781201,40,27
GHCND:USC00124272,19781202,54,29
GHCND:USC00124272,19781203,50,34
GHCND:USC00124272,19781204,56,23
GHCND:USC00124272,19781205,28,23
GHCND:USC00124272,19781206,48,26
GHCND:USC00124272,19781207,43,31
GHCND:USC00124272,19781208,48,34
GHCND:USC00124272,19781209,35,19
GHCND:USC00124272,19781210,26,9
GHCND:USC00124272,19781211,26,8
GHCND:USC00124272,19781212,41,24
GHCND:USC00124272,19781213,48,26
GHCND:USC00124272,19781214,37,22
GHCND:USC00124272,19781215,39,21
GHCND:USC00124272,19781216,46,29
GHCND:USC00124272,19781217,50,27
GHCND:USC00124272,19781218,43,26
GHCND:USC00124272,19781219,43,33
GHCND:USC00124272,19781220,44,34
GHCND:USC00124272,19781221,62,28
GHCND:USC00124272,19781222,33,25
GHCND:USC00124272,19781223,44,23
GHCND:USC00124272,19781224,44,25
GHCND:USC00124272,19781225,37,24
GHCND:USC00124272,19781226,35,23
GHCND:USC00124272,19781227,31,20
GHCND:USC00124272,19781228,29,17
GHCND:USC00124272,19781229,34,18
GHCND:USC00124272,19781230,44,NaN
GHCND:USC00124272,19781231,44,39
GHCND:USC00124272,19790101,54,26
GHCND:USC00124272,19790102,33,6
GHCND:USC00124272,19790103,16,-3
GHCND:USC00124272,19790104,17,3
GHCND:USC00124272,19790105,17,7
GHCND:USC00124272,19790106,17,2
GHCND:USC00124272,19790107,20,6
GHCND:USC00124272,19790108,21,0
GHCND:USC00124272,19790109,7,-2
GHCND:USC00124272,19790110,20,-1
GHCND:USC00124272,19790111,11,-2
GHCND:USC00124272,19790112,15,-2
GHCND:USC00124272,19790113,31,14
GHCND:USC00124272,19790114,37,19
GHCND:USC00124272,19790115,21,-7
GHCND:USC00124272,19790116,18,-7
GHCND:USC00124272,19790117,39,12
GHCND:USC00124272,19790118,38,11
GHCND:USC00124272,19790119,25,10
GHCND:USC00124272,19790120,35,21
GHCND:USC00124272,19790121,39,32
GHCND:USC00124272,19790122,34,19
GHCND:USC00124272,19790123,25,18
GHCND:USC00124272,19790124,38,24
GHCND:USC00124272,19790125,34,8
GHCND:USC00124272,19790126,19,5
GHCND:USC00124272,19790127,25,9
GHCND:USC00124272,19790128,29,21
GHCND:USC00124272,19790129,30,16
GHCND:USC00124272,19790130,21,9
GHCND:USC00124272,19790131,29,12
GHCND:USC00124272,19790201,20,-1
GHCND:USC00124272,19790202,17,-2
GHCND:USC00124272,19790203,24,1
GHCND:USC00124272,19790204,30,10
GHCND:USC00124272,19790205,13,-8
GHCND:USC00124272,19790206,11,-8
GHCND:USC00124272,19790207,28,0
GHCND:USC00124272,19790208,25,0
GHCND:USC00124272,19790209,15,-1
GHCND:USC00124272,19790210,15,-2
GHCND:USC00124272,19790211,19,5
GHCND:USC00124272,19790212,31,11
GHCND:USC00124272,19790213,31,9
GHCND:USC00124272,19790214,20,11
GHCND:USC00124272,19790215,35,17
GHCND:USC00124272,19790216,36,21
GHCND:USC00124272,19790217,22,-2
GHCND:USC00124272,19790218,12,-6
GHCND:USC00124272,19790219,20,-1
GHCND:USC00124272,19790220,19,-1
GHCND:USC00124272,19790221,42,7
GHCND:USC00124272,19790222,42,31
GHCND:USC00124272,19790223,49,33
GHCND:USC00124272,19790224,53,31
GHCND:USC00124272,19790225,38,30
GHCND:USC00124272,19790226,32,18
GHCND:USC00124272,19790227,33,20
GHCND:USC00124272,19790228,41,19
GHCND:USC00124272,19790301,41,27
GHCND:USC00124272,19790302,40,34
GHCND:USC00124272,19790303,44,34
GHCND:USC00124272,19790304,56,43
GHCND:USC00124272,19790305,56,32
GHCND:USC00124272,19790306,35,31
GHCND:USC00124272,19790307,50,31
GHCND:USC00124272,19790308,47,35
GHCND:USC00124272,19790309,50,29
GHCND:USC00124272,19790310,41,26
GHCND:USC00124272,19790311,32,9
GHCND:USC00124272,19790312,30,9
GHCND:USC00124272,19790313,44,25
GHCND:USC00124272,19790314,64,31
GHCND:USC00124272,19790315,41,18
GHCND:USC00124272,19790316,34,18
GHCND:USC00124272,19790317,50,21
GHCND:USC00124272,19790318,65,34
GHCND:USC00124272,19790319,74,51
GHCND:USC00124272,19790320,68,54
GHCND:USC00124272,19790321,70,46
GHCND:USC00124272,19790322,64,48
GHCND:USC00124272,19790323,74,49
GHCND:USC00124272,19790324,62,40
GHCND:USC00124272,19790325,42,25
GHCND:USC00124272,19790326,28,23
GHCND:USC00124272,19790327,40,25
GHCND:USC00124272,19790328,43,29
GHCND:USC00124272,19790329,63,32
GHCND:USC00124272,19790330,68,56
GHCND:USC00124272,19790331,67,44
GHCND:USC00124272,19790401,50,41
GHCND:USC00124272,19790402,53,44
GHCND:USC00124272,19790403,58,34
GHCND:USC00124272,19790404,48,34
GHCND:USC00124272,19790405,41,37
GHCND:USC00124272,19790406,59,22
GHCND:USC00124272,19790407,39,21
GHCND:USC00124272,19790408,44,29
GHCND:USC00124272,19790409,58,31
GHCND:USC00124272,19790410,37,30
GHCND:USC00124272,19790411,51,30
GHCND:USC00124272,19790412,64,41
GHCND:USC00124272,19790413,77,55
GHCND:USC00124272,19790414,60,41
GHCND:USC00124272,19790415,65,42
GHCND:USC00124272,19790416,55,34
GHCND:USC00124272,19790417,58,35
GHCND:USC00124272,19790418,61,40
GHCND:USC00124272,19790419,64,40
GHCND:USC00124272,19790420,65,42
GHCND:USC00124272,19790421,72,49
GHCND:USC00124272,19790422,74,51
GHCND:USC00124272,19790423,62,51
GHCND:USC00124272,19790424,79,56
GHCND:USC00124272,19790425,77,59
GHCND:USC00124272,19790426,68,59
GHCND:USC00124272,19790427,62,42
GHCND:USC00124272,19790428,62,40
GHCND:USC00124272,19790429,50,32
GHCND:USC00124272,19790430,61,37
GHCND:USC00124272,19790501,58,35
GHCND:USC00124272,19790502,62,36
GHCND:USC00124272,19790503,79,48
GHCND:USC00124272,19790504,65,46
GHCND:USC00124272,19790505,52,37
GHCND:USC00124272,19790506,62,41
GHCND:USC00124272,19790507,74,49
GHCND:USC00124272,19790508,84,58
GHCND:USC00124272,19790509,88,64
GHCND:USC00124272,19790510,86,66
GHCND:USC00124272,19790511,88,67
GHCND:USC00124272,19790512,81,49
GHCND:USC00124272,19790513,55,41
GHCND:USC00124272,19790514,67,44
GHCND:USC00124272,19790515,76,50
GHCND:USC00124272,19790516,69,46
GHCND:USC00124272,19790517,69,48
GHCND:USC00124272,19790518,76,51
GHCND:USC00124272,19790519,82,57
GHCND:USC00124272,19790520,79,55
GHCND:USC00124272,19790521,72,51
GHCND:USC00124272,19790522,67,45
GHCND:USC00124272,19790523,73,48
GHCND:USC00124272,19790524,77,47
GHCND:USC00124272,19790525,60,43
GHCND:USC00124272,19790526,63,39
GHCND:USC00124272,19790527,71,46
GHCND:USC00124272,19790528,71,50
GHCND:USC00124272,19790529,74,46
GHCND:USC00124272,19790530,81,51
GHCND:USC00124272,19790531,86,61
GHCND:USC00124272,19790601,78,65
GHCND:USC00124272,19790602,72,50
GHCND:USC00124272,19790603,76,55
GHCND:USC00124272,19790604,82,57
GHCND:USC00124272,19790605,85,63
GHCND:USC00124272,19790606,85,66
GHCND:USC00124272,19790607,89,67
GHCND:USC00124272,19790608,73,67
GHCND:USC00124272,19790609,84,69
GHCND:USC00124272,19790610,89,71
GHCND:USC00124272,19790611,84,51
GHCND:USC00124272,19790612,79,54
GHCND:USC00124272,19790613,81,59
GHCND:USC00124272,19790614,76,59
GHCND:USC00124272,19790615,85,63
GHCND:USC00124272,19790616,86,62
GHCND:USC00124272,19790617,85,65
GHCND:USC00124272,19790618,88,62
GHCND:USC00124272,19790619,80,62
GHCND:USC00124272,19790620,85,63
GHCND:USC00124272,19790621,88,68
GHCND:USC00124272,19790622,88,64
GHCND:USC00124272,19790623,87,62
GHCND:USC00124272,19790624,75,52
GHCND:USC00124272,19790625,73,52
GHCND:USC00124272,19790626,75,52
GHCND:USC00124272,19790627,80,55
GHCND:USC00124272,19790628,84,59
GHCND:USC00124272,19790629,87,65
GHCND:USC00124272,19790630,81,61
GHCND:USC00124272,19790701,78,61
GHCND:USC00124272,19790702,81,59
GHCND:USC00124272,19790703,83,62
GHCND:USC00124272,19790704,85,65
GHCND:USC00124272,19790705,74,55
GHCND:USC00124272,19790706,76,54
GHCND:USC00124272,19790707,76,58
GHCND:USC00124272,19790708,77,60
GHCND:USC00124272,19790709,77,65
GHCND:USC00124272,19790710,79,66
GHCND:USC00124272,19790711,84,65
GHCND:USC00124272,19790712,85,68
GHCND:USC00124272,19790713,80,69
GHCND:USC00124272,19790714,77,66
GHCND:USC00124272,19790715,80,68
GHCND:USC00124272,19790716,88,69
GHCND:USC00124272,19790717,89,61
GHCND:USC00124272,19790718,82,59
GHCND:USC00124272,19790719,78,58
GHCND:USC00124272,19790720,81,60
GHCND:USC00124272,19790721,82,64
GHCND:USC00124272,19790722,84,67
GHCND:USC00124272,19790723,87,69
GHCND:USC00124272,19790724,88,70
GHCND:USC00124272,19790725,85,69
GHCND:USC00124272,19790726,84,72
GHCND:USC00124272,19790727,85,71
GHCND:USC00124272,19790728,83,66
GHCND:USC00124272,19790729,73,64
GHCND:USC00124272,19790730,86,66
GHCND:USC00124272,19790731,90,72
GHCND:USC00124272,19790801,86,70
GHCND:USC00124272,19790802,78,66
GHCND:USC00124272,19790803,86,62
GHCND:USC00124272,19790804,86,64
GHCND:USC00124272,19790805,87,67
GHCND:USC00124272,19790806,90,68
GHCND:USC00124272,19790807,89,69
GHCND:USC00124272,19790808,91,72
GHCND:USC00124272,19790809,93,76
GHCND:USC00124272,19790810,91,76
GHCND:USC00124272,19790811,84,64
GHCND:USC00124272,19790812,70,53
GHCND:USC00124272,19790813,75,54
GHCND:USC00124272,19790814,78,56
GHCND:USC00124272,19790815,75,50
GHCND:USC00124272,19790816,69,51
GHCND:USC00124272,19790817,73,53
GHCND:USC00124272,19790818,78,58
GHCND:USC00124272,19790819,82,67
GHCND:USC00124272,19790820,86,67
GHCND:USC00124272,19790821,86,67
GHCND:USC00124272,19790822,81,67
GHCND:USC00124272,19790823,83,69
GHCND:USC00124272,19790824,82,66
GHCND:USC00124272,19790825,76,56
GHCND:USC00124272,19790826,76,57
GHCND:USC00124272,19790827,68,63
GHCND:USC00124272,19790828,82,66
GHCND:USC00124272,19790829,73,65
GHCND:USC00124272,19790830,84,66
GHCND:USC00124272,19790831,88,63
GHCND:USC00124272,19790901,86,64
GHCND:USC00124272,19790902,86,66
GHCND:USC00124272,19790903,79,65
GHCND:USC00124272,19790904,86,65
GHCND:USC00124272,19790905,85,65
GHCND:USC00124272,19790906,86,66
GHCND:USC00124272,19790907,86,60
GHCND:USC00124272,19790908,76,51
GHCND:USC00124272,19790909,66,48
GHCND:USC00124272,19790910,75,49
GHCND:USC00124272,19790911,83,54
GHCND:USC00124272,19790912,85,59
GHCND:USC00124272,19790913,87,64
GHCND:USC00124272,19790914,76,59
GHCND:USC00124272,19790915,70,46
GHCND:USC00124272,19790916,69,44
GHCND:USC00124272,19790917,75,45
GHCND:USC00124272,19790918,79,50
GHCND:USC00124272,19790919,81,54
GHCND:USC00124272,19790920,71,48
GHCND:USC00124272,19790921,75,48
GHCND:USC00124272,19790922,69,56
GHCND:USC00124272,19790923,69,47
GHCND:USC00124272,19790924,70,45
GHCND:USC00124272,19790925,75,45
GHCND:USC00124272,19790926,81,45
GHCND:USC00124272,19790927,82,52
GHCND:USC00124272,19790928,78,55
GHCND:USC00124272,19790929,78,54
GHCND:USC00124272,19790930,81,54
GHCND:USC00124272,19791001,82,58
GHCND:USC00124272,19791002,82,53
GHCND:USC00124272,19791003,68,54
GHCND:USC00124272,19791004,70,50
GHCND:USC00124272,19791005,63,42
GHCND:USC00124272,19791006,55,45
GHCND:USC00124272,19791007,61,41
GHCND:USC00124272,19791008,53,41
GHCND:USC00124272,19791009,67,40
GHCND:USC00124272,19791010,52,36
GHCND:USC00124272,19791011,54,35
GHCND:USC00124272,19791012,62,41
GHCND:USC00124272,19791013,60,33
GHCND:USC00124272,19791014,51,28
GHCND:USC00124272,19791015,58,29
GHCND:USC00124272,19791016,63,45
GHCND:USC00124272,19791017,58,50
GHCND:USC00124272,19791018,72,54
GHCND:USC00124272,19791019,76,56
GHCND:USC00124272,19791020,78,56
GHCND:USC00124272,19791021,82,63
GHCND:USC00124272,19791022,82,68
GHCND:USC00124272,19791023,78,39
GHCND:USC00124272,19791024,43,39
GHCND:USC00124272,19791025,50,31
GHCND:USC00124272,19791026,51,28
GHCND:USC00124272,19791027,48,28
GHCND:USC00124272,19791028,72,36
GHCND:USC00124272,19791029,63,37
GHCND:USC00124272,19791030,69,37
GHCND:USC00124272,19791031,70,47
GHCND:USC00124272,19791101,74,41
GHCND:USC00124272,19791102,53,33
GHCND:USC00124272,19791103,53,29
GHCND:USC00124272,19791104,53,27
GHCND:USC00124272,19791105,53,27
GHCND:USC00124272,19791106,61,37
GHCND:USC00124272,19791107,52,35
GHCND:USC00124272,19791108,44,34
GHCND:USC00124272,19791109,44,39
GHCND:USC00124272,19791110,48,37
GHCND:USC00124272,19791111,38,28
GHCND:USC00124272,19791112,41,26
GHCND:USC00124272,19791113,44,26
GHCND:USC00124272,19791114,46,28
GHCND:USC00124272,19791115,44,28
GHCND:USC00124272,19791116,50,32
GHCND:USC00124272,19791117,50,31
GHCND:USC00124272,19791118,67,34
GHCND:USC00124272,19791119,68,42
GHCND:USC00124272,19791120,65,40
GHCND:USC00124272,19791121,68,39
GHCND:USC00124272,19791122,65,54
GHCND:USC00124272,19791123,61,41
GHCND:USC00124272,19791124,42,32
GHCND:USC00124272,19791125,46,32
GHCND:USC00124272,19791126,57,33
GHCND:USC00124272,19791127,46,34
GHCND:USC00124272,19791128,58,33
GHCND:USC00124272,19791129,35,21
GHCND:USC00124272,19791130,28,20
GHCND:USC00124272,19791201,30,22
GHCND:USC00124272,19791202,34,18
GHCND:USC00124272,19791203,33,17
GHCND:USC00124272,19791204,39,18
GHCND:USC00124272,19791205,48,28
GHCND:USC00124272,19791206,60,35
GHCND:USC00124272,19791207,44,32
GHCND:USC00124272,19791208,51,28
GHCND:USC00124272,19791209,34,23
GHCND:USC00124272,19791210,47,28
GHCND:USC00124272,19791211,59,32
GHCND:USC00124272,19791212,63,37
GHCND:USC00124272,19791213,38,34
GHCND:USC00124272,19791214,40,23
GHCND:USC00124272,19791215,41,22
GHCND:USC00124272,19791216,44,23
GHCND:USC00124272,19791217,38,9
GHCND:USC00124272,19791218,23,8
GHCND:USC00124272,19791219,36,16
GHCND:USC00124272,19791220,47,26
GHCND:USC00124272,19791221,48,30
GHCND:USC00124272,19791222,44,34
GHCND:USC00124272,19791223,50,41
GHCND:USC00124272,19791224,55,49
GHCND:USC00124272,19791225,58,35
GHCND:USC00124272,19791226,40,33
GHCND:USC00124272,19791227,36,31
GHCND:USC00124272,19791228,39,28
GHCND:USC00124272,19791229,34,25
GHCND:USC00124272,19791230,39,24
GHCND:USC00124272,19791231,46,28
GHCND:USC00124272,19800101,35,27
GHCND:USC00124272,19800102,33,28
GHCND:USC00124272,19800103,32,29
GHCND:USC00124272,19800104,35,27
GHCND:USC00124272,19800105,32,23
GHCND:USC00124272,19800106,27,21
GHCND:USC00124272,19800107,42,21
GHCND:USC00124272,19800108,28,16
GHCND:USC00124272,19800109,28,16
GHCND:USC00124272,19800110,32,21
GHCND:USC00124272,19800111,54,24
GHCND:USC00124272,19800112,57,18
GHCND:USC00124272,19800113,30,18
GHCND:USC00124272,19800114,44,28
GHCND:USC00124272,19800115,49,32
GHCND:USC00124272,19800116,43,35
GHCND:USC00124272,19800117,54,41
GHCND:USC00124272,19800118,44,34
GHCND:USC00124272,19800119,39,30
GHCND:USC00124272,19800120,40,30
GHCND:USC00124272,19800121,40,25
GHCND:USC00124272,19800122,35,25
GHCND:USC00124272,19800123,39,17
GHCND:USC00124272,19800124,19,16
GHCND:USC00124272,19800125,38,17
GHCND:USC00124272,19800126,41,25
GHCND:USC00124272,19800127,34,26
GHCND:USC00124272,19800128,32,15
GHCND:USC00124272,19800129,24,13
GHCND:USC00124272,19800130,20,13
GHCND:USC00124272,19800131,24,16
GHCND:USC00124272,19800201,24,7
GHCND:USC00124272,19800202,27,7
GHCND:USC00124272,19800203,22,8
GHCND:USC00124272,19800205,29,11
GHCND:USC00124272,19800206,28,17
GHCND:USC00124272,19800207,31,15
GHCND:USC00124272,19800208,29,17
GHCND:USC00124272,19800209,28,22
GHCND:USC00124272,19800210,30,13
GHCND:USC00124272,19800211,27,13
GHCND:USC00124272,19800212,30,8
GHCND:USC00124272,19800213,24,8
GHCND:USC00124272,19800214,34,11
GHCND:USC00124272,19800215,38,34
GHCND:USC00124272,19800216,38,20
GHCND:USC00124272,19800217,21,3
GHCND:USC00124272,19800218,22,3
GHCND:USC00124272,19800219,38,11
GHCND:USC00124272,19800220,41,32
GHCND:USC00124272,19800221,42,35
GHCND:USC00124272,19800222,51,39
GHCND:USC00124272,19800223,43,36
GHCND:USC00124272,19800224,41,31
GHCND:USC00124272,19800225,37,30
GHCND:USC00124272,19800226,36,12
GHCND:USC00124272,19800227,30,12
GHCND:USC00124272,19800228,32,24
GHCND:USC00124272,19800229,32,12
GHCND:USC00124272,19800301,19,8
GHCND:USC00124272,19800302,18,2
GHCND:USC00124272,19800303,21,2
GHCND:USC00124272,19800304,34,4
GHCND:USC00124272,19800305,44,26
GHCND:USC00124272,19800306,42,17
GHCND:USC00124272,19800307,37,18
GHCND:USC00124272,19800308,42,32
GHCND:USC00124272,19800309,44,27
GHCND:USC00124272,19800310,49,27
GHCND:USC00124272,19800311,56,19
GHCND:USC00124272,19800312,35,19
GHCND:USC00124272,19800313,33,24
GHCND:USC00124272,19800314,35,26
GHCND:USC00124272,19800315,41,25
GHCND:USC00124272,19800316,64,31
GHCND:USC00124272,19800317,61,45
GHCND:USC00124272,19800318,55,29
GHCND:USC00124272,19800319,48,29
GHCND:USC00124272,19800320,58,35
GHCND:USC00124272,19800321,52,36
GHCND:USC00124272,19800322,45,31
GHCND:USC00124272,19800323,50,31
GHCND:USC00124272,19800324,52,35
GHCND:USC00124272,19800325,53,33
GHCND:USC00124272,19800326,37,33
GHCND:USC00124272,19800327,40,29
GHCND:USC00124272,19800328,58,31
GHCND:USC00124272,19800329,51,39
GHCND:USC00124272,19800330,53,34
GHCND:USC00124272,19800331,52,42
GHCND:USC00124272,19800401,45,39
GHCND:USC00124272,19800402,45,37
GHCND:USC00124272,19800403,64,39
GHCND:USC00124272,19800404,64,41
GHCND:USC00124272,19800405,42,33
GHCND:USC00124272,19800406,58,33
GHCND:USC00124272,19800407,65,38
GHCND:USC00124272,19800408,69,51
GHCND:USC00124272,19800409,65,46
GHCND:USC00124272,19800410,47,34
GHCND:USC00124272,19800411,48,33
GHCND:USC00124272,19800412,63,39
GHCND:USC00124272,19800413,51,39
GHCND:USC00124272,19800414,47,38
GHCND:USC00124272,19800415,46,32
GHCND:USC00124272,19800416,50,33
GHCND:USC00124272,19800417,52,35
GHCND:USC00124272,19800418,61,36
GHCND:USC00124272,19800419,68,40
GHCND:USC00124272,19800420,74,42
GHCND:USC00124272,19800421,77,49
GHCND:USC00124272,19800422,75,54
GHCND:USC00124272,19800423,86,57
GHCND:USC00124272,19800424,66,41
GHCND:USC00124272,19800425,61,34
GHCND:USC00124272,19800426,57,34
GHCND:USC00124272,19800427,63,42
GHCND:USC00124272,19800428,55,41
GHCND:USC00124272,19800429,47,41
GHCND:USC00124272,19800430,56,39
GHCND:USC00124272,19800501,59,37
GHCND:USC00124272,19800502,67,49
GHCND:USC00124272,19800503,70,53
GHCND:USC00124272,19800504,76,57
GHCND:USC00124272,19800505,84,52
GHCND:USC00124272,19800506,85,55
GHCND:USC00124272,19800507,76,49
GHCND:USC00124272,19800508,63,45
GHCND:USC00124272,19800509,58,39
GHCND:USC00124272,19800510,66,43
GHCND:USC00124272,19800511,71,49
GHCND:USC00124272,19800512,80,62
GHCND:USC00124272,19800513,76,58
GHCND:USC00124272,19800514,82,48
GHCND:USC00124272,19800515,66,50
GHCND:USC00124272,19800516,72,50
GHCND:USC00124272,19800517,65,54
GHCND:USC00124272,19800518,64,60
GHCND:USC00124272,19800519,74,59
GHCND:USC00124272,19800520,71,58
GHCND:USC00124272,19800521,72,55
GHCND:USC00124272,19800522,77,56
GHCND:USC00124272,19800523,80,62
GHCND:USC00124272,19800524,78,62
GHCND:USC00124272,19800525,73,63
GHCND:USC00124272,19800526,85,56
GHCND:USC00124272,19800527,77,47
GHCND:USC00124272,19800528,85,58
GHCND:USC00124272,19800529,88,65
GHCND:USC00124272,19800530,82,68
GHCND:USC00124272,19800531,83,68
GHCND:USC00124272,19800601,83,67
GHCND:USC00124272,19800602,80,65
GHCND:USC00124272,19800603,80,60
GHCND:USC00124272,19800604,79,56
GHCND:USC00124272,19800605,76,60
GHCND:USC00124272,19800606,83,62
GHCND:USC00124272,19800607,86,71
GHCND:USC00124272,19800608,88,52
GHCND:USC00124272,19800609,65,54
GHCND:USC00124272,19800610,77,56
GHCND:USC00124272,19800611,67,42
GHCND:USC00124272,19800612,70,52
GHCND:USC00124272,19800613,76,56
GHCND:USC00124272,19800614,81,58
GHCND:USC00124272,19800615,85,66
GHCND:USC00124272,19800616,84,54
GHCND:USC00124272,19800617,70,51
GHCND:USC00124272,19800618,74,52
GHCND:USC00124272,19800619,81,57
GHCND:USC00124272,19800620,81,47
GHCND:USC00124272,19800621,75,50
GHCND:USC00124272,19800622,80,60
GHCND:USC00124272,19800623,80,62
GHCND:USC00124272,19800624,79,67
GHCND:USC00124272,19800625,83,66
GHCND:USC00124272,19800626,87,66
GHCND:USC00124272,19800627,87,66
GHCND:USC00124272,19800628,92,73
GHCND:USC00124272,19800629,90,70
GHCND:USC00124272,19800630,89,60
GHCND:USC00124272,19800701,80,60
GHCND:USC00124272,19800704,83,70
GHCND:USC00124272,19800705,85,68
GHCND:USC00124272,19800706,92,66
GHCND:USC00124272,19800707,86,64
GHCND:USC00124272,19800708,91,67
GHCND:USC00124272,19800709,100,77
GHCND:USC00124272,19800710,93,72
GHCND:USC00124272,19800711,92,65
GHCND:USC00124272,19800712,94,69
GHCND:USC00124272,19800713,97,71
GHCND:USC00124272,19800714,91,69
GHCND:USC00124272,19800715,95,70
GHCND:USC00124272,19800716,103,77
GHCND:USC00124272,19800717,95,73
GHCND:USC00124272,19800718,91,67
GHCND:USC00124272,19800719,94,70
GHCND:USC00124272,19800720,98,72
GHCND:USC00124272,19800721,98,76
GHCND:USC00124272,19800722,86,68
GHCND:USC00124272,19800723,86,61
GHCND:USC00124272,19800724,82,62
GHCND:USC00124272,19800725,83,67
GHCND:USC00124272,19800726,86,66
GHCND:USC00124272,19800727,88,69
GHCND:USC00124272,19800728,72,67
GHCND:USC00124272,19800729,81,64
GHCND:USC00124272,19800730,87,64
GHCND:USC00124272,19800731,85,67
GHCND:USC00124272,19800801,93,73