"STATION","DATE","TMAX","TMIN"
"USC00120177","1975-01-22","39","30"
"USC00120177","1975-01-23","35","24"
"USC00120177","1975-01-24","45","29"
"USC00120177","1975-01-25","41","29"
"USC00120177","1975-01-26","29","25"
"USC00120177","1975-01-27","35","23"
"USC00120177","1975-01-28","49","34"
"USC00120177","1975-01-29","63","29"
"USC00120177","1975-01-30","34","28"
"USC00120177","1975-01-31","35","31"
"USC00120177","1975-02-01","32","29"
"USC00120177","1975-02-02","35","24"
"USC00120177","1975-02-03","35","25"
"USC00120177","1975-02-04","35","30"
"USC00120177","1975-02-05","40","33"
"USC00120177","1975-02-06","33","14"
"USC00120177","1975-02-07","22","9"
"USC00120177","1975-02-08","28","14"
"USC00120177","1975-02-09","28","-8"
"USC00120177","1975-02-10","30","-8"
"USC00120177","1975-02-11","36","30"
"USC00120177","1975-02-12","32","19"
"USC00120177","1975-02-13","24","13"
"USC00120177","1975-02-14","32","16"
"USC00120177","1975-02-15","44","32"
"USC00120177","1975-02-16","40","34"
"USC00120177","1975-02-17","47","34"
"USC00120177","1975-02-18","35","32"
"USC00120177","1975-02-19","32","27"
"USC00120177","1975-02-20","43","24"
"USC00120177","1975-02-21","52","28"
"USC00120177","1975-02-22","49","42"
"USC00120177","1975-02-23","52","38"
"USC00120177","1975-02-24","48","29"
"USC00120177","1975-02-25","40","29"
"USC00120177","1975-02-26","40","31"
"USC00120177","1975-02-27","37","23"
"USC00120177","1975-02-28","37","27"
"USC00120177","1975-03-01","27","20"
"USC00120177","1975-03-02","29","16"
"USC00120177","1975-03-03","31","22"
"USC00120177","1975-03-04","38","18"
"USC00120177","1975-03-05","45","24"
"USC00120177","1975-03-06","48","37"
"USC00120177","1975-03-07","50","32"
"USC00120177","1975-03-08","32","23"
"USC00120177","1975-03-09","33","17"
"USC00120177","1975-03-10","32","28"
"USC00120177","1975-03-11","36","28"
"USC00120177","1975-03-12","46","31"
"USC00120177","1975-03-13","33","26"
"USC00120177","1975-03-14","32","25"
"USC00120177","1975-03-15","39","15"
"USC00120177","1975-03-16","41","31"
"USC00120177","1975-03-17","54","30"
"USC00120177","1975-03-18","59","38"
"USC00120177","1975-03-19","54","35"
"USC00120177","1975-03-20","61","35"
"USC00120177","1975-03-21","71","43"
"USC00120177","1975-03-22","60","38"
"USC00120177","1975-03-23","63","35"
"USC00120177","1975-03-24","61","37"
"USC00120177","1975-03-25","37","27"
"USC00120177","1975-03-26","35","25"
"USC00120177","1975-03-27","32","26"
"USC00120177","1975-03-28","45","32"
"USC00120177","1975-03-29","45","29"
"USC00120177","1975-03-30","32","25"
"USC00120177","1975-03-31","57","25"
"USC00120177","1975-04-01","59","36"
"USC00120177","1975-04-02","69","35"
"USC00120177","1975-04-03","35","26"
"USC00120177","1975-04-04","40","24"
"USC00120177","1975-04-05","44","26"
"USC00120177","1975-04-06","47","27"
"USC00120177","1975-04-07","52","25"
"USC00120177","1975-04-08","53","31"
"USC00120177","1975-04-09","51","33"
"USC00120177","1975-04-10","59","31"
"USC00120177","1975-04-11","49","31"
"USC00120177","1975-04-12","49","24"
"USC00120177","1975-04-13","53","25"
"USC00120177","1975-04-14","47","35"
"USC00120177","1975-04-15","48","33"
"USC00120177","1975-04-16","59","33"
"USC00120177","1975-04-17","73","40"
"USC00120177","1975-04-18","71","61"
"USC00120177","1975-04-19","61","43"
"USC00120177","1975-04-20","48","37"
"USC00120177","1975-04-21","54","30"
"USC00120177","1975-04-22","70","45"
"USC00120177","1975-04-23","60","55"
"USC00120177","1975-04-24","66","54"
"USC00120177","1975-04-25","66","48"
"USC00120177","1975-04-26","60","41"
"USC00120177","1975-04-27","53","43"
"USC00120177","1975-04-28","63","35"
"USC00120177","1975-04-29","75","43"
"USC00120177","1975-04-30","65","60"
"USC00120177","1975-05-01","62","46"
"USC00120177","1975-05-02","69","41"
"USC00120177","1975-05-03","63","53"
"USC00120177","1975-05-04","65","48"
"USC00120177","1975-05-05","76","44"
"USC00120177","1975-05-06","72","55"
"USC00120177","1975-05-07","67","50"
"USC00120177","1975-05-08","70","53"
"USC00120177","1975-05-09","75","47"
"USC00120177","1975-05-10","76","46"
"USC00120177","1975-05-11","76","47"
"USC00120177","1975-05-12","67","49"
"USC00120177","1975-05-13","72","43"
"USC00120177","1975-05-14","73","49"
"USC00120177","1975-05-15","73","50"
"USC00120177","1975-05-16","70","45"
"USC00120177","1975-05-17","78","48"
"USC00120177","1975-05-18","84","61"
"USC00120177","1975-05-19","86","58"
"USC00120177","1975-05-20","90","70"
"USC00120177","1975-05-21","87","70"
"USC00120177","1975-05-22","77","65"
"USC00120177","1975-05-23","83","60"
"USC00120177","1975-05-24","88","63"
"USC00120177","1975-05-25","87","65"
"USC00120177","1975-05-26","80","63"
"USC00120177","1975-05-27","75","59"
"USC00120177","1975-05-28","79","52"
"USC00120177","1975-05-29","81","59"
"USC00120177","1975-05-30","79","63"
"USC00120177","1975-05-31","64","57"
"USC00120177","1975-06-01","69","53"
"USC00120177","1975-06-02","64","52"
"USC00120177","1975-06-03","75","52"
"USC00120177","1975-06-04","81","58"
"USC00120177","1975-06-05","78","62"
"USC00120177","1975-06-06","81","57"
"USC00120177","1975-06-07","79","52"
"USC00120177","1975-06-08","71","46"
"USC00120177","1975-06-09","71","51"
"USC00120177","1975-06-10","80","59"
"USC00120177","1975-06-11","77","66"
"USC00120177","1975-06-12","76","60"
"USC00120177","1975-06-13","82","60"
"USC00120177","1975-06-14","80","61"
"USC00120177","1975-06-15","74","64"
"USC00120177","1975-06-16","71","57"
"USC00120177","1975-06-17","81","67"
"USC00120177","1975-06-18","89","68"
"USC00120177","1975-06-19","91","69"
"USC00120177","1975-06-20","93","69"
"USC00120177","1975-06-21","89","67"
"USC00120177","1975-06-22","89","72"
"USC00120177","1975-06-23","87","70"
"USC00120177","1975-06-24","86","68"
"USC00120177","1975-06-25","84","68"
"USC00120177","1975-06-26","79","67"
"USC00120177","1975-06-27","87","65"
"USC00120177","1975-06-28","88","67"
"USC00120177","1975-06-29","86","64"
"USC00120177","1975-06-30","87","62"
"USC00120177","1975-07-01","89","64"
"USC00120177","1975-07-02","90","61"
"USC00120177","1975-07-03","87","63"
"USC00120177","1975-07-04","87","66"
"USC00120177","1975-07-05","84","61"
"USC00120177","1975-07-06","82","63"
"USC00120177","1975-07-07","81","68"
"USC00120177","1975-07-08","87","63"
"USC00120177","1975-07-09","82","63"
"USC00120177","1975-07-10","77","57"
"USC00120177","1975-07-11","74","55"
"USC00120177","1975-07-12","76","55"
"USC00120177","1975-07-13","65","53"
"USC00120177","1975-07-14","75","52"
"USC00120177","1975-07-15","84","57"
"USC00120177","1975-07-16","85","63"
"USC00120177","1975-07-17","87","64"
"USC00120177","1975-07-18","76","66"
"USC00120177","1975-07-19","80","69"
"USC00120177","1975-07-20","83","69"
"USC00120177","1975-07-21","86","65"
"USC00120177","1975-07-22","87","62"
"USC00120177","1975-07-23","86","65"
"USC00120177","1975-07-24","84","70"
"USC00120177","1975-07-25","81","60"
"USC00120177","1975-07-26","83","57"
"USC00120177","1975-07-27","87","60"
"USC00120177","1975-07-28","88","64"
"USC00120177","1975-07-29","91","62"
"USC00120177","1975-07-30","92","63"
"USC00120177","1975-07-31","90","67"
"USC00120177","1975-08-01","88","68"
"USC00120177","1975-08-02","83","70"
"USC00120177","1975-08-03","77","71"
"USC00120177","1975-08-04","84","66"
"USC00120177","1975-08-05","85","67"
"USC00120177","1975-08-06","75","59"
"USC00120177","1975-08-07","75","53"
"USC00120177","1975-08-08","83","53"
"USC00120177","1975-08-09","86","57"
"USC00120177","1975-08-10","84","66"
"USC00120177","1975-08-11","86","65"
"USC00120177","1975-08-12","87","67"
"USC00120177","1975-08-13","87","70"
"USC00120177","1975-08-14","84","69"
"USC00120177","1975-08-15","80","68"
"USC00120177","1975-08-16","76","65"
"USC00120177","1975-08-17","82","64"
"USC00120177","1975-08-18","84","60"
"USC00120177","1975-08-19","86","67"
"USC00120177","1975-08-20","85","66"
"USC00120177","1975-08-21","89","72"
"USC00120177","1975-08-22","90","69"
"USC00120177","1975-08-23","89","72"
"USC00120177","1975-08-24","89","72"
"USC00120177","1975-08-25","88","72"
"USC00120177","1975-08-26","82","67"
"USC00120177","1975-08-27","86","62"
"USC00120177","1975-08-28","88","62"
"USC00120177","1975-08-29","78","68"
"USC00120177","1975-08-30","77","66"
"USC00120177","1975-08-31","70","66"
"USC00120177","1975-09-01","81","64"
"USC00120177","1975-09-02","85","61"
"USC00120177","1975-09-03","89","65"
"USC00120177","1975-09-04","81","64"
"USC00120177","1975-09-05","83","62"
"USC00120177","1975-09-06","76","55"
"USC00120177","1975-09-07","79","52"
"USC00120177","1975-09-08","77","58"
"USC00120177","1975-09-09","74","55"
"USC00120177","1975-09-10","83","54"
"USC00120177","1975-09-11","72","60"
"USC00120177","1975-09-12","64","42"
"USC00120177","1975-09-13","63","39"
"USC00120177","1975-09-14","66","39"
"USC00120177","1975-09-15","72","49"
"USC00120177","1975-09-16","67","59"
"USC00120177","1975-09-17","72","60"
"USC00120177","1975-09-18","67","59"
"USC00120177","1975-09-19","68","55"
"USC00120177","1975-09-20","66","50"
"USC00120177","1975-09-21","60","48"
"USC00120177","1975-09-22","56","48"
"USC00120177","1975-09-23","63","45"
"USC00120177","1975-09-24","60","48"
"USC00120177","1975-09-25","52","47"
"USC00120177","1975-09-26","59","49"
"USC00120177","1975-09-27","68","44"
"USC00120177","1975-09-28","71","40"
"USC00120177","1975-09-29","68","43"
"USC00120177","1975-09-30","73","50"
"USC00120177","1975-10-01","64","40"
"USC00120177","1975-10-02","56","37"
"USC00120177","1975-10-03","64","34"
"USC00120177","1975-10-04","72","37"
"USC00120177","1975-10-05","71","39"
"USC00120177","1975-10-06","77","47"
"USC00120177","1975-10-07","78","42"
"USC00120177","1975-10-08","58","53"
"USC00120177","1975-10-09","73","53"
"USC00120177","1975-10-10","74","50"
"USC00120177","1975-10-11","66","41"
"USC00120177","1975-10-12","73","39"
"USC00120177","1975-10-13","84","57"
"USC00120177","1975-10-14","81","56"
"USC00120177","1975-10-15","73","50"
"USC00120177","1975-10-16","61","38"
"USC00120177","1975-10-17","50","42"
"USC00120177","1975-10-18","43","40"
"USC00120177","1975-10-19","47","43"
"USC00120177","1975-10-20","63","46"
"USC00120177","1975-10-21","78","50"
"USC00120177","1975-10-22","77","56"
"USC00120177","1975-10-23","73","34"
"USC00120177","1975-10-24","78","58"
"USC00120177","1975-10-25","68","41"
"USC00120177","1975-10-26","57","35"
"USC00120177","1975-10-27","65","34"
"USC00120177","1975-10-28","64","50"
"USC00120177","1975-10-29","56","37"
"USC00120177","1975-10-30","49","30"
"USC00120177","1975-10-31","59","36"
"USC00120177","1975-11-01","62","47"
"USC00120177","1975-11-02","71","55"
"USC00120177","1975-11-03","66","57"
"USC00120177","1975-11-04","75","54"
"USC00120177","1975-11-05","76","54"
"USC00120177","1975-11-06","78","50"
"USC00120177","1975-11-07","67","59"
"USC00120177","1975-11-08","71","55"
"USC00120177","1975-11-09","73","55"
"USC00120177","1975-11-10","65","39"
"USC00120177","1975-11-11","59","33"
"USC00120177","1975-11-12","54","37"
"USC00120177","1975-11-13","37","32"
"USC00120177","1975-11-14","40","30"
"USC00120177","1975-11-15","54","27"
"USC00120177","1975-11-16","63","40"
"USC00120177","1975-11-17","65","42"
"USC00120177","1975-11-18","66","34"
"USC00120177","1975-11-19","66","38"
"USC00120177","1975-11-20","56","41"
"USC00120177","1975-11-21","47","34"
"USC00120177","1975-11-22","40","29"
"USC00120177","1975-11-23","43","24"
"USC00120177","1975-11-24","37","28"
"USC00120177","1975-11-25","33","26"
"USC00120177","1975-11-26","33","26"
"USC00120177","1975-11-27","32","29"
"USC00120177","1975-11-28","36","26"
"USC00120177","1975-11-29","58","35"
"USC00120177","1975-11-30","61","27"
"USC00120177","1975-12-01","29","22"
"USC00120177","1975-12-02","39","28"
"USC00120177","1975-12-03","36","28"
"USC00120177","1975-12-04","59","33"
"USC00120177","1975-12-05","59","45"
"USC00120177","1975-12-06","57","30"
"USC00120177","1975-12-07","36","24"
"USC00120177","1975-12-08","39","29"
"USC00120177","1975-12-09","33","31"
"USC00120177","1975-12-10","34","26"
"USC00120177","1975-12-11","46","30"
"USC00120177","1975-12-12","40","36"
"USC00120177","1975-12-13","63","40"
"USC00120177","1975-12-14","67","55"
"USC00120177","1975-12-15","61","32"
"USC00120177","1975-12-16","32","27"
"USC00120177","1975-12-17","28","11"
"USC00120177","1975-12-18","14","7"
"USC00120177","1975-12-19","28","11"
"USC00120177","1975-12-20","35","26"
"USC00120177","1975-12-21","26","13"
"USC00120177","1975-12-22","32","11"
"USC00120177","1975-12-23","33","20"
"USC00120177","1975-12-24","32","18"
"USC00120177","1975-12-25","33","28"
"USC00120177","1975-12-26","32","29"
"USC00120177","1975-12-27","32","25"
"USC00120177","1975-12-28","29","23"
"USC00120177","1975-12-29","38","28"
"USC00120177","1975-12-30","39","34"
"USC00120177","1975-12-31","34","31"
"USC00120177","1976-01-01","33","24"
"USC00120177","1976-01-02","38","30"
"USC00120177","1976-01-03","32","14"
"USC00120177","1976-01-04","14","5"
"USC00120177","1976-01-05","20","4"
"USC00120177","1976-01-06","37","16"
"USC00120177","1976-01-07","38","18"
"USC00120177","1976-01-08","18","-2"
"USC00120177","1976-01-09","16","0"
"USC00120177","1976-01-10","31","10"
"USC00120177","1976-01-11","37","25"
"USC00120177","1976-01-12","33","24"
"USC00120177","1976-01-13","43","26"
"USC00120177","1976-01-14","26","20"
"USC00120177","1976-01-15","35","15"
"USC00120177","1976-01-16","35","14"
"USC00120177","1976-01-17","21","8"
"USC00120177","1976-01-18","25","9"
"USC00120177","1976-01-19","32","18"
"USC00120177","1976-01-20","32","16"
"USC00120177","1976-01-21","27","16"
"USC00120177","1976-01-22","24","19"
"USC00120177","1976-01-23","47","17"
"USC00120177","1976-01-24","43","22"
"USC00120177","1976-01-25","47","23"
"USC00120177","1976-01-26","37","20"
"USC00120177","1976-01-27","21","12"
"USC00120177","1976-01-28","37","13"
"USC00120177","1976-01-29","36","26"
"USC00120177","1976-01-30","33","26"
"USC00120177","1976-01-31","33","25"
"USC00120177","1976-02-01","35","9"
"USC00120177","1976-02-02","17","1"
"USC00120177","1976-02-03","31","3"
"USC00120177","1976-02-04","30","24"
"USC00120177","1976-02-05","29","20"
"USC00120177","1976-02-06","23","11"
"USC00120177","1976-02-07","28","11"
"USC00120177","1976-02-08","30","26"
"USC00120177","1976-02-09","42","20"
"USC00120177","1976-02-10","59","42"
"USC00120177","1976-02-11","44","30"
"USC00120177","1976-02-12","54","30"
"USC00120177","1976-02-13","51","33"
"USC00120177","1976-02-14","42","27"
"USC00120177","1976-02-15","64","38"
"USC00120177","1976-02-16","61","39"
"USC00120177","1976-02-17","57","38"
"USC00120177","1976-02-18","57","39"
"USC00120177","1976-02-19","47","35"
"USC00120177","1976-02-20","56","30"
"USC00120177","1976-02-21","57","44"
"USC00120177","1976-02-22","44","26"
"USC00120177","1976-02-23","40","24"
"USC00120177","1976-02-24","66","35"
"USC00120177","1976-02-25","65","48"
"USC00120177","1976-02-26","64","45"
"USC00120177","1976-02-27","67","36"
"USC00120177","1976-02-28","57","39"
"USC00120177","1976-02-29","69","49"
"USC00120177","1976-03-01","62","45"
"USC00120177","1976-03-02","67","50"
"USC00120177","1976-03-03","68","47"
"USC00120177","1976-03-04","75","46"
"USC00120177","1976-03-05","68","32"
"USC00120177","1976-03-06","47","26"
"USC00120177","1976-03-07","49","31"
"USC00120177","1976-03-08","41","28"
"USC00120177","1976-03-09","48","31"
"USC00120177","1976-03-10","46","32"
"USC00120177","1976-03-11","50","27"
"USC00120177","1976-03-12","62","35"
"USC00120177","1976-03-13","35","27"
"USC00120177","1976-03-14","51","27"
"USC00120177","1976-03-15","46","32"
"USC00120177","1976-03-16","36","22"
"USC00120177","1976-03-17","32","19"
"USC00120177","1976-03-18","65","29"
"USC00120177","1976-03-19","67","53"
"USC00120177","1976-03-20","67","55"
"USC00120177","1976-03-21","56","29"
"USC00120177","1976-03-22","46","25"
"USC00120177","1976-03-23","60","28"
"USC00120177","1976-03-24","67","43"
"USC00120177","1976-03-25","65","50"
"USC00120177","1976-03-26","75","51"
"USC00120177","1976-03-27","60","39"
"USC00120177","1976-03-28","60","31"
"USC00120177","1976-03-29","57","50"
"USC00120177","1976-03-30","72","44"
"USC00120177","1976-03-31","51","37"
"USC00120177","1976-04-01","42","36"
"USC00120177","1976-04-02","61","36"
"USC00120177","1976-04-03","75","41"
"USC00120177","1976-04-04","53","37"
"USC00120177","1976-04-05","58","30"
"USC00120177","1976-04-06","67","42"
"USC00120177","1976-04-07","64","35"
"USC00120177","1976-04-08","52","34"
"USC00120177","1976-04-09","55","26"
"USC00120177","1976-04-10","66","32"
"USC00120177","1976-04-11","50","32"
"USC00120177","1976-04-12","54","26"
"USC00120177","1976-04-13","64","29"
"USC00120177","1976-04-14","77","39"
"USC00120177","1976-04-15","81","60"
"USC00120177","1976-04-16","79","62"
"USC00120177","1976-04-17","82","61"
"USC00120177","1976-04-18","80","59"
"USC00120177","1976-04-19","73","56"
"USC00120177","1976-04-20","81","54"
"USC00120177","1976-04-21","69","54"
"USC00120177","1976-04-22","75","50"
"USC00120177","1976-04-23","75","50"
"USC00120177","1976-04-24","80","54"
"USC00120177","1976-04-25","60","35"
"USC00120177","1976-04-26","49","32"
"USC00120177","1976-04-27","46","30"
"USC00120177","1976-04-28","55","29"
"USC00120177","1976-04-29","63","33"
"USC00120177","1976-04-30","68","38"
"USC00120177","1976-05-01","67","47"
"USC00120177","1976-05-02","66","42"
"USC00120177","1976-05-03","46","37"
"USC00120177","1976-05-04","63","32"
"USC00120177","1976-05-05","78","52"
"USC00120177","1976-05-06","72","45"
"USC00120177","1976-05-07","56","38"
"USC00120177","1976-05-08","59","37"
"USC00120177","1976-05-09","70","39"
"USC00120177","1976-05-10","73","42"
"USC00120177","1976-05-11","69","42"
"USC00120177","1976-05-12","68","30"
"USC00120177","1976-05-13","83","46"
"USC00120177","1976-05-14","72","62"
"USC00120177","1976-05-15","77","61"
"USC00120177","1976-05-16","71","57"
"USC00120177","1976-05-17","60","50"
"USC00120177","1976-05-18","63","44"
"USC00120177","1976-05-19","72","47"
"USC00120177","1976-05-20","81","55"
"USC00120177","1976-05-21","81","54"
"USC00120177","1976-05-22","76","44"
"USC00120177","1976-05-23","71","52"
"USC00120177","1976-05-24","67","45"
"USC00120177","1976-05-25","68","43"
"USC00120177","1976-05-26","71","45"
"USC00120177","1976-05-27","75","46"
"USC00120177","1976-05-28","65","59"
"USC00120177","1976-05-29","69","57"
"USC00120177","1976-05-30","74","54"
"USC00120177","1976-05-31","75","61"
"USC00120177","1976-06-01","71","63"
"USC00120177","1976-06-02","71","57"
"USC00120177","1976-06-03","74","54"
"USC00120177","1976-06-04","79","58"
"USC00120177","1976-06-05","78","54"
"USC00120177","1976-06-06","82","52"
"USC00120177","1976-06-07","86","54"
"USC00120177","1976-06-08","88","57"
"USC00120177","1976-06-09","85","59"
"USC00120177","1976-06-10","85","59"
"USC00120177","1976-06-11","89","70"
"USC00120177","1976-06-12","89","70"
"USC00120177","1976-06-13","88","73"
"USC00120177","1976-06-14","89","74"
"USC00120177","1976-06-15","85","68"
"USC00120177","1976-06-16","73","58"
"USC00120177","1976-06-17","83","54"
"USC00120177","1976-06-18","86","63"
"USC00120177","1976-06-19","73","54"
"USC00120177","1976-06-20","74","50"
"USC00120177","1976-06-21","73","57"
"USC00120177","1976-06-22","66","59"
"USC00120177","1976-06-23","74","55"
"USC00120177","1976-06-24","75","62"
"USC00120177","1976-06-25","86","59"
"USC00120177","1976-06-26","83","54"
"USC00120177","1976-06-27","85","59"
"USC00120177","1976-06-28","81","62"
"USC00120177","1976-06-29","82","60"
"USC00120177","1976-06-30","68","60"
"USC00120177","1976-07-01","76","55"
"USC00120177","1976-07-02","78","55"
"USC00120177","1976-07-03","79","61"
"USC00120177","1976-07-04","78","55"
"USC00120177","1976-07-05","77","56"
"USC00120177","1976-07-06","82","58"
"USC00120177","1976-07-07","81","58"
"USC00120177","1976-07-08","83","65"
"USC00120177","1976-07-09","83","61"
"USC00120177","1976-07-10","88","68"
"USC00120177","1976-07-11","89","70"
"USC00120177","1976-07-12","76","56"
"USC00120177","1976-07-13","79","50"
"USC00120177","1976-07-14","92","60"
"USC00120177","1976-07-15","89","67"
"USC00120177","1976-07-16","77","56"
"USC00120177","1976-07-17","74","54"
"USC00120177","1976-07-18","80","53"
"USC00120177","1976-07-19","80","57"
"USC00120177","1976-07-20","84","66"
"USC00120177","1976-07-21","82","69"
"USC00120177","1976-07-22","79","70"
"USC00120177","1976-07-23","90","72"
"USC00120177","1976-07-24","86","64"
"USC00120177","1976-07-25","84","58"
"USC00120177","1976-07-26","85","61"
"USC00120177","1976-07-27","83","67"
"USC00120177","1976-07-28","86","65"
"USC00120177","1976-07-29","80","67"
"USC00120177","1976-07-30","81","63"
"USC00120177","1976-07-31","83","60"
"USC00120177","1976-08-01","75","56"
"USC00120177","1976-08-02","76","52"
"USC00120177","1976-08-03","77","50"
"USC00120177","1976-08-04","79","50"
"USC00120177","1976-08-05","82","63"
"USC00120177","1976-08-06","70","57"
"USC00120177","1976-08-07","72","54"
"USC00120177","1976-08-08","75","49"
"USC00120177","1976-08-09","79","51"
"USC00120177","1976-08-10","81","53"
"USC00120177","1976-08-11","82","63"
"USC00120177","1976-08-12","85","66"
"USC00120177","1976-08-13","84","66"
"USC00120177","1976-08-14","82","65"
"USC00120177","1976-08-15","76","56"
"USC00120177","1976-08-16","76","46"
"USC00120177","1976-08-17","78","49"
"USC00120177","1976-08-18","80","49"
"USC00120177","1976-08-19","84","49"
"USC00120177","1976-08-20","83","56"
"USC00120177","1976-08-21","85","57"
"USC00120177","1976-08-22","84","59"
"USC00120177","1976-08-23","86","62"
"USC00120177","1976-08-24","83","63"
"USC00120177","1976-08-25","80","67"
"USC00120177","1976-08-26","84","65"
"USC00120177","1976-08-27","86","68"
"USC00120177","1976-08-28","83","57"
"USC00120177","1976-08-29","72","49"
"USC00120177","1976-08-30","76","43"
"USC00120177","1976-08-31","80","54"
"USC00120177","1976-09-01","72","57"
"USC00120177","1976-09-02","74","56"
"USC00120177","1976-09-03","79","53"
"USC00120177","1976-09-04","87","53"
"USC00120177","1976-09-05","74","47"
"USC00120177","1976-09-06","76","44"
"USC00120177","1976-09-07","83","45"
"USC00120177","1976-09-08","85","52"
"USC00120177","1976-09-09","67","52"
"USC00120177","1976-09-10","67","46"
"USC00120177","1976-09-11","78","44"
"USC00120177","1976-09-12","78","48"
"USC00120177","1976-09-13","81","53"
"USC00120177","1976-09-14","84","52"
"USC00120177","1976-09-15","75","59"
"USC00120177","1976-09-16","74","58"
"USC00120177","1976-09-17","73","59"
"USC00120177","1976-09-18","78","53"
"USC00120177","1976-09-19","82","52"
"USC00120177","1976-09-20","67","48"
"USC00120177","1976-09-21","66","41"
"USC00120177","1976-09-22","68","39"
"USC00120177","1976-09-23","72","37"
"USC00120177","1976-09-24","67","37"
"USC00120177","1976-09-25","72","46"
"USC00120177","1976-09-26","66","54"
"USC00120177","1976-09-27","62","49"
"USC00120177","1976-09-28","65","45"
"USC00120177","1976-09-29","67","41"
"USC00120177","1976-09-30","71","49"
"USC00120177","1976-10-01","78","44"
"USC00120177","1976-10-02","80","46"
"USC00120177","1976-10-03","81","45"
"USC00120177","1976-10-04","79","52"
"USC00120177","1976-10-05","77","60"
"USC00120177","1976-10-06","64","44"
"USC00120177","1976-10-07","49","43"
"USC00120177","1976-10-08","54","44"
"USC00120177","1976-10-09","55","37"
"USC00120177","1976-10-10","60","33"
"USC00120177","1976-10-11","67","36"
"USC00120177","1976-10-12","78","48"
"USC00120177","1976-10-13","75","47"
"USC00120177","1976-10-14","66","35"
"USC00120177","1976-10-15","65","41"
"USC00120177","1976-10-16","52","34"
"USC00120177","1976-10-17","48","28"
"USC00120177","1976-10-18","50","23"
"USC00120177","1976-10-19","44","38"
"USC00120177","1976-10-20","43","37"
"USC00120177","1976-10-21","48","34"
"USC00120177","1976-10-22","45","26"
"USC00120177","1976-10-23","47","28"
"USC00120177","1976-10-24","55","37"
"USC00120177","1976-10-25","47","38"
"USC00120177","1976-10-26","46","32"
"USC00120177","1976-10-27","41","24"
"USC00120177","1976-10-28","48","20"
"USC00120177","1976-10-29","52","29"
"USC00120177","1976-10-30","44","30"
"USC00120177","1976-10-31","45","29"
"USC00120177","1976-11-01","49","25"
"USC00120177","1976-11-02","57","33"
"USC00120177","1976-11-03","49","34"
"USC00120177","1976-11-04","37","29"
"USC00120177","1976-11-05","44","33"
"USC00120177","1976-11-06","51","31"
"USC00120177","1976-11-07","42","25"
"USC00120177","1976-11-08","37","18"
"USC00120177","1976-11-09","56","32"
"USC00120177","1976-11-10","43","31"
"USC00120177","1976-11-11","35","25"
"USC00120177","1976-11-12","37","17"
"USC00120177","1976-11-13","39","17"
"USC00120177","1976-11-14","37","17"
"USC00120177","1976-11-15","41","17"
"USC00120177","1976-11-16","45","18"
"USC00120177","1976-11-17","52","26"
"USC00120177","1976-11-18","54","31"
"USC00120177","1976-11-19","53","27"
"USC00120177","1976-11-20","48","24"
"USC00120177","1976-11-21","36","27"
"USC00120177","1976-11-22","32","26"
"USC00120177","1976-11-23","34","20"
"USC00120177","1976-11-24","36","24"
"USC00120177","1976-11-25","57","32"
"USC00120177","1976-11-26","57","50"
"USC00120177","1976-11-27","57","29"
"USC00120177","1976-11-28","29","16"
"USC00120177","1976-11-29","16","7"
"USC00120177","1976-11-30","23","8"
"USC00120177","1976-12-01","33","21"
"USC00120177","1976-12-02","24","6"
"USC00120177","1976-12-03","34","6"
"USC00120177","1976-12-04","32","14"
"USC00120177","1976-12-05","32","10"
"USC00120177","1976-12-06","42","26"
"USC00120177","1976-12-07","31","16"
"USC00120177","1976-12-08","22","11"
"USC00120177","1976-12-09","36","11"
"USC00120177","1976-12-10","39","24"
"USC00120177","1976-12-11","34","20"
"USC00120177","1976-12-12","33","24"
"USC00120177","1976-12-13","26","12"
"USC00120177","1976-12-14","46","22"
"USC00120177","1976-12-15","48","26"
"USC00120177","1976-12-16","34","26"
"USC00120177","1976-12-17","40","27"
"USC00120177","1976-12-18","46","19"
"USC00120177","1976-12-19","53","28"
"USC00120177","1976-12-20","49","15"
"USC00120177","1976-12-21","16","5"
"USC00120177","1976-12-22","29","9"
"USC00120177","1976-12-23","29","8"
"USC00120177","1976-12-24","31","8"
"USC00120177","1976-12-25","41","26"
"USC00120177","1976-12-26","30","12"
"USC00120177","1976-12-27","38","10"
"USC00120177","1976-12-28","36","14"
"USC00120177","1976-12-29","14","0"
"USC00120177","1976-12-30","21","-3"
"USC00120177","1976-12-31","7","-11"
"USC00120177","1977-01-01","12","0"
"USC00120177","1977-01-02","22","-3"
"USC00120177","1977-01-03","29","19"
"USC00120177","1977-01-04","29","23"
"USC00120177","1977-01-05","26","4"
"USC00120177","1977-01-06","27","4"
"USC00120177","1977-01-07","24","-4"
"USC00120177","1977-01-08","22","-3"
"USC00120177","1977-01-09","17","7"
"USC00120177","1977-01-10","12","0"
"USC00120177","1977-01-11","5","-11"
"USC00120177","1977-01-12","7","-10"
"USC00120177","1977-01-13","22","-11"
"USC00120177","1977-01-14","28","19"
"USC00120177","1977-01-15","20","-3"
"USC00120177","1977-01-16","-3","-16"
"USC00120177","1977-01-17","0","-18"
"USC00120177","1977-01-18","6","-10"
"USC00120177","1977-01-19","14","-3"
"USC00120177","1977-01-20","22","10"
"USC00120177","1977-01-21","21","6"
"USC00120177","1977-01-22","19","0"
"USC00120177","1977-01-23","25","0"
"USC00120177","1977-01-24","29","23"
"USC00120177","1977-01-25","27","21"
"USC00120177","1977-01-26","30","6"
"USC00120177","1977-01-27","15","2"
"USC00120177","1977-01-28","24","-10"
"USC00120177","1977-01-29","8","-8"
"USC00120177","1977-01-30","8","2"
"USC00120177","1977-01-31","18","1"
"USC00120177","1977-02-01","18","3"
"USC00120177","1977-02-02","29","-2"
"USC00120177","1977-02-03","33","28"
"USC00120177","1977-02-04","32","20"
"USC00120177","1977-02-05","20","0"
"USC00120177","1977-02-06","13","-13"
"USC00120177","1977-02-07","18","-11"
"USC00120177","1977-02-08","23","-6"
"USC00120177","1977-02-09","41","18"
"USC00120177","1977-02-10","47","32"
"USC00120177","1977-02-11","51","33"
"USC00120177","1977-02-12","40","32"
"USC00120177","1977-02-13","37","30"
"USC00120177","1977-02-14","32","21"
"USC00120177","1977-02-15","24","13"
"USC00120177","1977-02-16","21","4"
"USC00120177","1977-02-17","29","8"
"USC00120177","1977-02-18","42","26"
"USC00120177","1977-02-19","38","25"
"USC00120177","1977-02-20","27","22"
"USC00120177","1977-02-21","30","14"
"USC00120177","1977-02-22","59","29"
"USC00120177","1977-02-23","64","48"
"USC00120177","1977-02-24","49","37"
"USC00120177","1977-02-25","47","38"
"USC00120177","1977-02-26","39","32"
"USC00120177","1977-02-27","35","26"
"USC00120177","1977-02-28","37","23"
"USC00120177","1977-03-01","32","23"
"USC00120177","1977-03-02","39","18"
"USC00120177","1977-03-03","47","35"
"USC00120177","1977-03-04","47","37"
"USC00120177","1977-03-05","37","30"
"USC00120177","1977-03-06","43","27"
"USC00120177","1977-03-07","44","23"
"USC00120177","1977-03-08","65","27"
"USC00120177","1977-03-09","65","45"
"USC00120177","1977-03-10","64","44"
"USC00120177","1977-03-11","70","47"
"USC00120177","1977-03-12","65","49"
"USC00120177","1977-03-13","50","45"
"USC00120177","1977-03-14","65","46"
"USC00120177","1977-03-15","75","49"
"USC00120177","1977-03-16","54","37"
"USC00120177","1977-03-17","49","30"
"USC00120177","1977-03-18","50","33"
"USC00120177","1977-03-19","46","32"
"USC00120177","1977-03-20","41","29"
"USC00120177","1977-03-21","55","29"
"USC00120177","1977-03-22","41","29"
"USC00120177","1977-03-23","47","28"
"USC00120177","1977-03-24","44","24"
"USC00120177","1977-03-25","55","26"
"USC00120177","1977-03-26","64","32"
"USC00120177","1977-03-27","61","50"
"USC00120177","1977-03-28","66","57"
"USC00120177","1977-03-29","74","58"
"USC00120177","1977-03-30","76","48"
"USC00120177","1977-03-31","48","35"
"USC00120177","1977-04-01","61","29"
"USC00120177","1977-04-02","72","48"
"USC00120177","1977-04-03","53","40"
"USC00120177","1977-04-04","59","39"
"USC00120177","1977-04-05","39","32"
"USC00120177","1977-04-06","40","30"
"USC00120177","1977-04-07","64","31"
"USC00120177","1977-04-08","46","30"
"USC00120177","1977-04-09","55","28"
"USC00120177","1977-04-10","80","45"
"USC00120177","1977-04-11","81","59"
"USC00120177","1977-04-12","80","56"
"USC00120177","1977-04-13","81","57"
"USC00120177","1977-04-14","74","56"
"USC00120177","1977-04-15","76","52"
"USC00120177","1977-04-16","81","53"
"USC00120177","1977-04-17","81","57"
"USC00120177","1977-04-18","85","54"
"USC00120177","1977-04-19","72","62"
"USC00120177","1977-04-20","76","61"
"USC00120177","1977-04-21","71","64"
"USC00120177","1977-04-22","65","58"
"USC00120177","1977-04-23","58","51"
"USC00120177","1977-04-24","63","45"
"USC00120177","1977-04-25","45","39"
"USC00120177","1977-04-26","62","34"
"USC00120177","1977-04-27","77","36"
"USC00120177","1977-04-28","65","34"
"USC00120177","1977-04-29","57","29"
"USC00120177","1977-04-30","67","35"
"USC00120177","1977-05-01","73","53"
"USC00120177","1977-05-02","76","58"
"USC00120177","1977-05-03","75","59"
"USC00120177","1977-05-04","75","58"
"USC00120177","1977-05-05","80","60"
"USC00120177","1977-05-06","70","62"
"USC00120177","1977-05-07","71","53"
"USC00120177","1977-05-08","69","44"
"USC00120177","1977-05-09","55","35"
"USC00120177","1977-05-10","63","35"
"USC00120177","1977-05-11","72","38"
"USC00120177","1977-05-12","76","42"
"USC00120177","1977-05-13","81","56"
"USC00120177","1977-05-14","84","60"
"USC00120177","1977-05-15","85","54"
"USC00120177","1977-05-16","85","59"
"USC00120177","1977-05-17","85","60"
"USC00120177","1977-05-18","88","66"
"USC00120177","1977-05-19","90","64"
"USC00120177","1977-05-20","89","60"
"USC00120177","1977-05-21","89","60"
"USC00120177","1977-05-22","81","69"
"USC00120177","1977-05-23","84","63"
"USC00120177","1977-05-24","90","63"
"USC00120177","1977-05-25","86","65"
"USC00120177","1977-05-26","84","62"
"USC00120177","1977-05-27","89","56"
"USC00120177","1977-05-28","90","58"
"USC00120177","1977-05-29","88","65"
"USC00120177","1977-05-30","87","61"
"USC00120177","1977-05-31","89","69"
"USC00120177","1977-06-01","80","56"
"USC00120177","1977-06-02","72","53"
"USC00120177","1977-06-03","74","44"
"USC00120177","1977-06-04","86","57"
"USC00120177","1977-06-05","75","66"
"USC00120177","1977-06-06","71","49"
"USC00120177","1977-06-07","65","42"
"USC00120177","1977-06-08","72","53"
"USC00120177","1977-06-09","67","47"
"USC00120177","1977-06-10","71","43"
"USC00120177","1977-06-11","80","58"
"USC00120177","1977-06-12","78","61"
"USC00120177","1977-06-13","83","58"
"USC00120177","1977-06-14","78","60"
"USC00120177","1977-06-15","84","54"
"USC00120177","1977-06-16","87","58"
"USC00120177","1977-06-17","89","70"
"USC00120177","1977-06-18","86","69"
"USC00120177","1977-06-19","84","62"
"USC00120177","1977-06-20","86","61"
"USC00120177","1977-06-21","82","52"
"USC00120177","1977-06-22","67","58"
"USC00120177","1977-06-23","76","56"
"USC00120177","1977-06-24","83","67"
"USC00120177","1977-06-25","84","67"
"USC00120177","1977-06-26","87","55"
"USC00120177","1977-06-27","80","63"
"USC00120177","1977-06-28","87","68"
"USC00120177","1977-06-29","81","60"
"USC00120177","1977-06-30","85","62"
"USC00120177","1977-07-01","79","61"
"USC00120177","1977-07-02","79","52"
"USC00120177","1977-07-03","84","56"
"USC00120177","1977-07-04","95","69"
"USC00120177","1977-07-05","97","73"
"USC00120177","1977-07-06","97","72"
"USC00120177","1977-07-07","97","71"
"USC00120177","1977-07-08","89","66"
"USC00120177","1977-07-09","87","70"
"USC00120177","1977-07-10","78","69"
"USC00120177","1977-07-11","81","65"
"USC00120177","1977-07-12","87","71"
"USC00120177","1977-07-13","91","72"
"USC00120177","1977-07-14","93","71"
"USC00120177","1977-07-15","96","75"
"USC00120177","1977-07-16","92","70"
"USC00120177","1977-07-17","92","70"
"USC00120177","1977-07-18","94","70"
"USC00120177","1977-07-19","96","73"
"USC00120177","1977-07-20","94","74"
"USC00120177","1977-07-21","88","71"
"USC00120177","1977-07-22","82","65"
"USC00120177","1977-07-23","85","55"
"USC00120177","1977-07-24","87","58"
"USC00120177","1977-07-25","86","58"
"USC00120177","1977-07-26","85","50"
"USC00120177","1977-07-27","79","53"
"USC00120177","1977-07-28","82","54"
"USC00120177","1977-07-29","82","54"
"USC00120177","1977-07-30","88","64"
"USC00120177","1977-07-31","84","57"
"USC00120177","1977-08-01","77","50"
"USC00120177","1977-08-02","81","56"
"USC00120177","1977-08-03","80","66"
"USC00120177","1977-08-04","87","71"
"USC00120177","1977-08-05","89","75"
"USC00120177","1977-08-06","84","69"
"USC00120177","1977-08-07","74","68"
"USC00120177","1977-08-08","80","68"
"USC00120177","1977-08-09","78","68"
"USC00120177","1977-08-10","79","67"
"USC00120177","1977-08-11","82","64"
"USC00120177","1977-08-12","76","59"
"USC00120177","1977-08-13","79","64"
"USC00120177","1977-08-14","81","68"
"USC00120177","1977-08-15","82","65"
"USC00120177","1977-08-16","82","72"
"USC00120177","1977-08-17","74","62"
"USC00120177","1977-08-18","71","51"
"USC00120177","1977-08-19","71","55"
"USC00120177","1977-08-20","74","58"
"USC00120177","1977-08-21","70","62"
"USC00120177","1977-08-22","75","58"
"USC00120177","1977-08-23","75","60"
"USC00120177","1977-08-24","70","57"
"USC00120177","1977-08-25","72","50"
"USC00120177","1977-08-26","83","58"
"USC00120177","1977-08-27","86","73"
"USC00120177","1977-08-28","85","74"
"USC00120177","1977-08-29","82","68"
"USC00120177","1977-08-30","81","67"
"USC00120177","1977-08-31","86","66"
"USC00120177","1977-09-01","89","71"
"USC00120177","1977-09-02","86","69"
"USC00120177","1977-09-03","77","64"
"USC00120177","1977-09-04","81","62"
"USC00120177","1977-09-05","84","68"
"USC00120177","1977-09-06","75","66"
"USC00120177","1977-09-07","80","64"
"USC00120177","1977-09-08","80","61"
"USC00120177","1977-09-09","83","61"
"USC00120177","1977-09-10","72","51"
"USC00120177","1977-09-11","73","45"
"USC00120177","1977-09-12","65","53"
"USC00120177","1977-09-13","77","60"
"USC00120177","1977-09-14","68","57"
"USC00120177","1977-09-15","76","57"
"USC00120177","1977-09-16","76","68"
"USC00120177","1977-09-17","78","64"
"USC00120177","1977-09-18","81","68"
"USC00120177","1977-09-19","75","57"
"USC00120177","1977-09-20","63","48"
"USC00120177","1977-09-21","57","42"
"USC00120177","1977-09-22","76","51"
"USC00120177","1977-09-23","79","57"
"USC00120177","1977-09-24","75","63"
"USC00120177","1977-09-25","75","62"
"USC00120177","1977-09-26","75","63"
"USC00120177","1977-09-27","69","48"
"USC00120177","1977-09-28","69","47"
"USC00120177","1977-09-29","72","41"
"USC00120177","1977-09-30","75","54"
"USC00120177","1977-10-01","67","52"
"USC00120177","1977-10-02","57","45"
"USC00120177","1977-10-03","60","36"
"USC00120177","1977-10-04","65","36"
"USC00120177","1977-10-05","68","52"
"USC00120177","1977-10-06","59","41"
"USC00120177","1977-10-07","55","37"
"USC00120177","1977-10-08","68","44"
"USC00120177","1977-10-09","49","43"
"USC00120177","1977-10-10","58","37"
"USC00120177","1977-10-11","53","41"
"USC00120177","1977-10-12","47","33"
"USC00120177","1977-10-13","55","31"
"USC00120177","1977-10-14","60","30"
"USC00120177","1977-10-15","53","41"
"USC00120177","1977-10-16","46","33"
"USC00120177","1977-10-17","58","28"
"USC00120177","1977-10-18","57","42"
"USC00120177","1977-10-19","54","38"
"USC00120177","1977-10-20","59","30"
"USC00120177","1977-10-21","67","41"
"USC00120177","1977-10-22","67","48"
"USC00120177","1977-10-23","61","49"
"USC00120177","1977-10-24","68","49"
"USC00120177","1977-10-25","60","51"
"USC00120177","1977-10-26","60","49"
"USC00120177","1977-10-27","60","46"
"USC00120177","1977-10-28","62","43"
"USC00120177","1977-10-29","57","41"
"USC00120177","1977-10-30","62","43"
"USC00120177","1977-10-31","64","50"
"USC00120177","1977-11-01","67","55"
"USC00120177","1977-11-02","73","55"
"USC00120177","1977-11-03","69","62"
"USC00120177","1977-11-04","65","55"
"USC00120177","1977-11-05","62","52"
"USC00120177","1977-11-06","69","56"
"USC00120177","1977-11-07","63","58"
"USC00120177","1977-11-08","63","58"
"USC00120177","1977-11-09","64","43"
"USC00120177","1977-11-10","43","32"
"USC00120177","1977-11-11","37","29"
"USC00120177","1977-11-12","35","22"
"USC00120177","1977-11-13","37","19"
"USC00120177","1977-11-14","53","33"
"USC00120177","1977-11-15","54","35"
"USC00120177","1977-11-16","53","49"
"USC00120177","1977-11-17","49","40"
"USC00120177","1977-11-18","40","30"
"USC00120177","1977-11-19","43","30"
"USC00120177","1977-11-20","57","38"
"USC00120177","1977-11-21","55","25"
"USC00120177","1977-11-22","37","24"
"USC00120177","1977-11-23","43","36"
"USC00120177","1977-11-24","38","30"
"USC00120177","1977-11-25","35","15"
"USC00120177","1977-11-26","21","8"
"USC00120177","1977-11-27","30","16"
"USC00120177","1977-11-28","26","17"
"USC00120177","1977-11-29","32","22"
"USC00120177","1977-11-30","53","29"
"USC00120177","1977-12-01","53","33"
"USC00120177","1977-12-02","39","31"
"USC00120177","1977-12-03","34","22"
"USC00120177","1977-12-04","31","19"
"USC00120177","1977-12-05","30","26"
"USC00120177","1977-12-06","26","-4"
"USC00120177","1977-12-07","11","-2"
"USC00120177","1977-12-08","32","11"
"USC00120177","1977-12-09","26","-2"
"USC00120177","1977-12-10","1","-3"
"USC00120177","1977-12-11","17","-7"
"USC00120177","1977-12-12","37","17"
"USC00120177","1977-12-13","42","35"
"USC00120177","1977-12-14","42","31"
"USC00120177","1977-12-15","37","30"
"USC00120177","1977-12-16","54","36"
"USC00120177","1977-12-17","53","46"
"USC00120177","1977-12-18","46","37"
"USC00120177","1977-12-19","46","36"
"USC00120177","1977-12-20","46","20"
"USC00120177","1977-12-21","21","18"
"USC00120177","1977-12-22","30","20"
"USC00120177","1977-12-23","42","30"
"USC00120177","1977-12-24","48","27"
"USC00120177","1977-12-25","27","3"
"USC00120177","1977-12-26","18","2"
"USC00120177","1977-12-27","15","4"
"USC00120177","1977-12-28","26","7"
"USC00120177","1977-12-29","36","19"
"USC00120177","1977-12-30","38","29"
"USC00120177","1977-12-31","35","31"
"USC00120177","1978-01-01","33","13"
"USC00120177","1978-01-02","18","0"
"USC00120177","1978-01-03","22","7"
"USC00120177","1978-01-04","39","18"
"USC00120177","1978-01-05","37","33"
"USC00120177","1978-01-06","36","32"
"USC00120177","1978-01-07","43","33"
"USC00120177","1978-01-08","42","6"
"USC00120177","1978-01-09","6","-3"
"USC00120177","1978-01-10","8","-5"
"USC00120177","1978-01-11","17","0"
"USC00120177","1978-01-12","19","10"
"USC00120177","1978-01-13","22","18"
"USC00120177","1978-01-14","24","14"
"USC00120177","1978-01-15","16","6"
"USC00120177","1978-01-16","22","6"
"USC00120177","1978-01-17","20","11"
"USC00120177","1978-01-18","26","12"
"USC00120177","1978-01-19","24","13"
"USC00120177","1978-01-20","23","18"
"USC00120177","1978-01-21","19","7"
"USC00120177","1978-01-22","17","1"
"USC00120177","1978-01-23","26","8"
"USC00120177","1978-01-24","35","22"
"USC00120177","1978-01-25","33","25"
"USC00120177","1978-01-26","25","0"
"USC00120177","1978-01-27","9","5"
"USC00120177","1978-01-28","10","4"
"USC00120177","1978-01-29","9","-1"
"USC00120177","1978-01-30","13","-2"
"USC00120177","1978-01-31","14","-2"
"USC00120177","1978-02-01","22","-2"
"USC00120177","1978-02-02","21","3"
"USC00120177","1978-02-03","23","7"
"USC00120177","1978-02-04","25","6"
"USC00120177","1978-02-05","22","9"
"USC00120177","1978-02-06","10","-6"
"USC00120177","1978-02-07","13","-10"
"USC00120177","1978-02-08","21","-8"
"USC00120177","1978-02-09","18","-3"
"USC00120177","1978-02-10","23","-4"
"USC00120177","1978-02-11","24","-4"
"USC00120177","1978-02-12","29","7"
"USC00120177","1978-02-13","25","20"
"USC00120177","1978-02-14","25","3"
"USC00120177","1978-02-15","26","0"
"USC00120177","1978-02-16","25","16"
"USC00120177","1978-02-17","16","5"
"USC00120177","1978-02-18","19","0"
"USC00120177","1978-02-19","21","0"
"USC00120177","1978-02-20","25","0"
"USC00120177","1978-02-21","22","-1"
"USC00120177","1978-02-22","22","3"
"USC00120177","1978-02-23","29","17"
"USC00120177","1978-02-24","34","21"
"USC00120177","1978-02-25","34","24"
"USC00120177","1978-02-26","26","14"
"USC00120177","1978-02-27","28","5"
"USC00120177","1978-02-28","35","20"
"USC00120177","1978-03-01","26","6"
"USC00120177","1978-03-02","25","6"
"USC00120177","1978-03-03","24","13"
"USC00120177","1978-03-04","21","8"
"USC00120177","1978-03-05","21","2"
"USC00120177","1978-03-06","37","21"
"USC00120177","1978-03-07","36","22"
"USC00120177","1978-03-08","26","21"
"USC00120177","1978-03-09","39","21"
"USC00120177","1978-03-10","38","13"
"USC00120177","1978-03-11","42","27"
"USC00120177","1978-03-12","39","32"
"USC00120177","1978-03-13","42","32"
"USC00120177","1978-03-14","40","34"
"USC00120177","1978-03-15","36","31"
"USC00120177","1978-03-16","35","28"
"USC00120177","1978-03-17","30","23"
"USC00120177","1978-03-18","40","22"
"USC00120177","1978-03-19","43","28"
"USC00120177","1978-03-20","57","28"
"USC00120177","1978-03-21","62","34"
"USC00120177","1978-03-22","59","33"
"USC00120177","1978-03-23","54","40"
"USC00120177","1978-03-24","41","25"
"USC00120177","1978-03-25","35","28"
"USC00120177","1978-03-26","36","34"
"USC00120177","1978-03-27","36","33"
"USC00120177","1978-03-28","59","34"
"USC00120177","1978-03-29","48","30"
"USC00120177","1978-03-30","55","29"
"USC00120177","1978-03-31","77","48"
"USC00120177","1978-04-01","67","45"
"USC00120177","1978-04-02","45","35"
"USC00120177","1978-04-03","74","41"
"USC00120177","1978-04-04","61","45"
"USC00120177","1978-04-05","60","38"
"USC00120177","1978-04-06","68","49"
"USC00120177","1978-04-07","70","43"
"USC00120177","1978-04-08","61","43"
"USC00120177","1978-04-09","68","40"
"USC00120177","1978-04-10","76","57"
"USC00120177","1978-04-11","59","47"
"USC00120177","1978-04-12","67","42"
"USC00120177","1978-04-13","59","43"
"USC00120177","1978-04-14","55","37"
"USC00120177","1978-04-15","56","39"
"USC00120177","1978-04-16","51","33"
"USC00120177","1978-04-17","59","35"
"USC00120177","1978-04-18","63","45"
"USC00120177","1978-04-19","56","42"
"USC00120177","1978-04-20","45","39"
"USC00120177","1978-04-21","43","33"
"USC00120177","1978-04-22","55","26"
"USC00120177","1978-04-23","53","43"
"USC00120177","1978-04-24","60","40"
"USC00120177","1978-04-25","53","44"
"USC00120177","1978-04-26","63","43"
"USC00120177","1978-04-27","64","36"
"USC00120177","1978-04-28","65","36"
"USC00120177","1978-04-29","65","41"
"USC00120177","1978-04-30","58","43"
"USC00120177","1978-05-01","52","34"
"USC00120177","1978-05-02","57","39"
"USC00120177","1978-05-03","61","32"
"USC00120177","1978-05-04","48","43"
"USC00120177","1978-05-05","51","43"
"USC00120177","1978-05-06","58","43"
"USC00120177","1978-05-07","53","48"
"USC00120177","1978-05-08","71","51"
"USC00120177","1978-05-09","58","49"
"USC00120177","1978-05-10","70","45"
"USC00120177","1978-05-11","71","55"
"USC00120177","1978-05-12","65","60"
"USC00120177","1978-05-13","62","43"
"USC00120177","1978-05-14","45","41"
"USC00120177","1978-05-15","54","44"
"USC00120177","1978-05-16","62","52"
"USC00120177","1978-05-17","69","46"
"USC00120177","1978-05-18","76","48"
"USC00120177","1978-05-19","80","52"
"USC00120177","1978-05-20","76","61"
"USC00120177","1978-05-21","63","51"
"USC00120177","1978-05-22","68","46"
"USC00120177","1978-05-23","70","57"
"USC00120177","1978-05-24","67","55"
"USC00120177","1978-05-25","78","52"
"USC00120177","1978-05-26","82","57"
"USC00120177","1978-05-27","85","57"
"USC00120177","1978-05-28","88","59"
"USC00120177","1978-05-29","85","67"
"USC00120177","1978-05-30","77","67"
"USC00120177","1978-05-31","85","58"
"USC00120177","1978-06-01","88","66"
"USC00120177","1978-06-02","73","60"
"USC00120177","1978-06-03","72","56"
"USC00120177","1978-06-04","80","58"
"USC00120177","1978-06-05","76","58"
"USC00120177","1978-06-06","78","55"
"USC00120177","1978-06-07","74","64"
"USC00120177","1978-06-08","69","54"
"USC00120177","1978-06-09","73","49"
"USC00120177","1978-06-10","79","50"
"USC00120177","1978-06-11","83","60"
"USC00120177","1978-06-12","79","59"
"USC00120177","1978-06-13","68","49"
"USC00120177","1978-06-14","73","42"
"USC00120177","1978-06-15","69","57"
"USC00120177","1978-06-16","84","63"
"USC00120177","1978-06-17","89","69"
"USC00120177","1978-06-18","87","61"
"USC00120177","1978-06-19","79","57"
"USC00120177","1978-06-20","85","59"
"USC00120177","1978-06-21","75","54"
"USC00120177","1978-06-22","77","50"
"USC00120177","1978-06-23","80","53"
"USC00120177","1978-06-24","84","58"
"USC00120177","1978-06-25","87","69"
"USC00120177","1978-06-26","92","70"
"USC00120177","1978-06-27","94","72"
"USC00120177","1978-06-28","88","66"
"USC00120177","1978-06-29","88","69"
"USC00120177","1978-06-30","88","67"
"USC00120177","1978-07-01","84","68"
"USC00120177","1978-07-02","87","69"
"USC00120177","1978-07-03","73","64"
"USC00120177","1978-07-04","78","58"
"USC00120177","1978-07-05","78","57"
"USC00120177","1978-07-06","83","60"
"USC00120177","1978-07-07","87","66"
"USC00120177","1978-07-08","83","66"
"USC00120177","1978-07-09","87","63"
"USC00120177","1978-07-10","74","58"
"USC00120177","1978-07-11","70","49"
"USC00120177","1978-07-12","78","53"
"USC00120177","1978-07-13","80","63"
"USC00120177","1978-07-14","86","69"
"USC00120177","1978-07-15","80","68"
"USC00120177","1978-07-16","78","59"
"USC00120177","1978-07-17","82","56"
"USC00120177","1978-07-18","86","65"
"USC00120177","1978-07-19","88","65"
"USC00120177","1978-07-20","91","71"
"USC00120177","1978-07-21","90","76"
"USC00120177","1978-07-22","88","74"
"USC00120177","1978-07-23",,"66"
"USC00120177","1978-07-24","84","64"
"USC00120177","1978-07-25","84","69"
"USC00120177","1978-07-26","86","67"
"USC00120177","1978-07-27","81","64"
"USC00120177","1978-07-28","78","58"
"USC00120177","1978-07-29","80","65"
"USC00120177","1978-07-30","81","62"
"USC00120177","1978-07-31","77","59"
"USC00120177","1978-08-01","82","62"
"USC00120177","1978-08-02","80","67"
"USC00120177","1978-08-03","79","61"
"USC00120177","1978-08-04","74","55"
"USC00120177","1978-08-05","76","52"
"USC00120177","1978-08-06","80","58"
"USC00120177","1978-08-07","72","61"
"USC00120177","1978-08-08","79","58"
"USC00120177","1978-08-09","81","66"
"USC00120177","1978-08-10","79","62"
"USC00120177","1978-08-11","75","63"
"USC00120177","1978-08-12","74","64"
"USC00120177","1978-08-13","82","60"
"USC00120177","1978-08-14","82","63"
"USC00120177","1978-08-15","84","67"
"USC00120177","1978-08-16","80","65"
"USC00120177","1978-08-17","81","60"
"USC00120177","1978-08-18","84","67"
"USC00120177","1978-08-19","76","57"
"USC00120177","1978-08-20","74","50"
"USC00120177","1978-08-21","74","49"
"USC00120177","1978-08-22","80","53"
"USC00120177","1978-08-23","80","57"
"USC00120177","1978-08-24","85","69"
"USC00120177","1978-08-25","85","68"
"USC00120177","1978-08-26","82","64"
"USC00120177","1978-08-27","82","64"
"USC00120177","1978-08-28","82","65"
"USC00120177","1978-08-29","75","66"
"USC00120177","1978-08-30","70","55"
"USC00120177","1978-08-31","68","55"
"USC00120177","1978-09-01","78","51"
"USC00120177","1978-09-02","78","52"
"USC00120177","1978-09-03","80","58"
"USC00120177","1978-09-04","75","52"
"USC00120177","1978-09-05","85","53"
"USC00120177","1978-09-06","85","61"
"USC00120177","1978-09-07","82","61"
"USC00120177","1978-09-08","84","65"
"USC00120177","1978-09-09","86","62"
"USC00120177","1978-09-10","84","63"
"USC00120177","1978-09-11","81","66"
"USC00120177","1978-09-12","82","68"
"USC00120177","1978-09-13","84","68"
"USC00120177","1978-09-14","80","59"
"USC00120177","1978-09-15","77","53"
"USC00120177","1978-09-16","79","59"
"USC00120177","1978-09-17","82","68"
"USC00120177","1978-09-18","84","72"
"USC00120177","1978-09-19","87","69"
"USC00120177","1978-09-20","85","68"
"USC00120177","1978-09-21","85","57"
"USC00120177","1978-09-22","75","48"
"USC00120177","1978-09-23","68","41"
"USC00120177","1978-09-24","74","43"
"USC00120177","1978-09-25","68","43"
"USC00120177","1978-09-26","71","39"
"USC00120177","1978-09-27","75","42"
"USC00120177","1978-09-28","81","41"
"USC00120177","1978-09-29","70","43"
"USC00120177","1978-09-30","67","52"
"USC00120177","1978-10-01","61","48"
"USC00120177","1978-10-02","67","40"
"USC00120177","1978-10-03","60","49"
"USC00120177","1978-10-04","60","45"
"USC00120177","1978-10-05","56","49"
"USC00120177","1978-10-06","53","45"
"USC00120177","1978-10-07","52","38"
"USC00120177","1978-10-08","54","40"
"USC00120177","1978-10-09","64","38"
"USC00120177","1978-10-10","66","49"
"USC00120177","1978-10-11","59","51"
"USC00120177","1978-10-12","62","47"
"USC00120177","1978-10-13","55","39"
"USC00120177","1978-10-14","54","34"
"USC00120177","1978-10-15","49","29"
"USC00120177","1978-10-16","42","35"
"USC00120177","1978-10-17","55","31"
"USC00120177","1978-10-18","59","38"
"USC00120177","1978-10-19","53","42"
"USC00120177","1978-10-20","70","34"
"USC00120177","1978-10-21","71","48"
"USC00120177","1978-10-22","75","53"
"USC00120177","1978-10-23","62","38"
"USC00120177","1978-10-24","60","27"
"USC00120177","1978-10-25","59","40"
"USC00120177","1978-10-26","59","34"
"USC00120177","1978-10-27","57","36"
"USC00120177","1978-10-28","56","36"
"USC00120177","1978-10-29","56","34"
"USC00120177","1978-10-30","67","35"
"USC00120177","1978-10-31","68","37"
"USC00120177","1978-11-01","58","35"
"USC00120177","1978-11-02","66","33"
"USC00120177","1978-11-03","69","40"
"USC00120177","1978-11-04","69","37"
"USC00120177","1978-11-05","70","51"
"USC00120177","1978-11-06","58","37"
"USC00120177","1978-11-07","45","28"
"USC00120177","1978-11-08","51","24"
"USC00120177","1978-11-09","58","36"
"USC00120177","1978-11-10","59","36"
"USC00120177","1978-11-11","62","26"
"USC00120177","1978-11-12","54","40"
"USC00120177","1978-11-13","63","40"
"USC00120177","1978-11-14","62","31"
"USC00120177","1978-11-15","36","30"
"USC00120177","1978-11-16","43","33"
"USC00120177","1978-11-17","62","38"
"USC00120177","1978-11-18","41","31"
"USC00120177","1978-11-19","41","31"
"USC00120177","1978-11-20","38","29"
"USC00120177","1978-11-21","34","32"
"USC00120177","1978-11-22","40","31"
"USC00120177","1978-11-23","50","36"
"USC00120177","1978-11-24","50","29"
"USC00120177","1978-11-25","38","25"
"USC00120177","1978-11-26","38","32"
"USC00120177","1978-11-27","40","31"
"USC00120177","1978-11-28","31","25"
"USC00120177","1978-11-29","40","25"
"USC00120177","1978-11-30","43","24"
"USC00120177","1978-12-01","46","25"
"USC00120177","1978-12-02","35","31"
"USC00120177","1978-12-03","54","31"
"USC00120177","1978-12-04","32","20"
"USC00120177","1978-12-05","38","26"
"USC00120177","1978-12-06","36","27"
"USC00120177","1978-12-07","44","32"
"USC00120177","1978-12-08","40","22"
"USC00120177","1978-12-09","22","15"
"USC00120177","1978-12-10","20","5"
"USC00120177","1978-12-11","35","20"
"USC00120177","1978-12-12","42","27"
"USC00120177","1978-12-13","34","22"
"USC00120177","1978-12-14","35","17"
"USC00120177","1978-12-15","42","29"
"USC00120177","1978-12-16","44","29"
"USC00120177","1978-12-17","38","23"
"USC00120177","1978-12-18","35","28"
"USC00120177","1978-12-19","33","28"
"USC00120177","1978-12-20","56","23"
"USC00120177","1978-12-21","26","22"
"USC00120177","1978-12-22","40","21"
"USC00120177","1978-12-23","40","21"
"USC00120177","1978-12-24","37","27"
"USC00120177","1978-12-25","29","20"
"USC00120177","1978-12-26","27","20"
"USC00120177","1978-12-27","21","11"
"USC00120177","1978-12-28","37","11"
"USC00120177","1978-12-29","40","27"
"USC00120177","1978-12-30","40","39"
"USC00120177","1978-12-31","50","36"
"USC00120177","1979-01-01","36","18"
"USC00120177","1979-01-02","18","-5"
"USC00120177","1979-01-03","10","-5"
"USC00120177","1979-01-04","11","2"
"USC00120177","1979-01-05","18","3"
"USC00120177","1979-01-06","14","-2"
"USC00120177","1979-01-07","16","10"
"USC00120177","1979-01-08","10","-7"
"USC00120177","1979-01-09","13","-4"
"USC00120177","1979-01-10","5","-1"
"USC00120177","1979-01-11","11","-11"
"USC00120177","1979-01-12","25","-9"
"USC00120177","1979-01-13","35","24"
"USC00120177","1979-01-14","32","-8"
"USC00120177","1979-01-15","8","-10"
"USC00120177","1979-01-16","29","-8"
"USC00120177","1979-01-17","34","7"
"USC00120177","1979-01-18","24","7"
"USC00120177","1979-01-19","33","19"
"USC00120177","1979-01-20","37","31"
"USC00120177","1979-01-21","31","23"
"USC00120177","1979-01-22","23","16"
"USC00120177","1979-01-23","37","22"
"USC00120177","1979-01-24","35","13"
"USC00120177","1979-01-25","13","5"
"USC00120177","1979-01-26","22","6"
"USC00120177","1979-01-27","25","20"
"USC00120177","1979-01-28","29","19"
"USC00120177","1979-01-29","19","7"
"USC00120177","1979-01-30","23","7"
"USC00120177","1979-01-31","17","0"
"USC00120177","1979-02-01","9","-5"
"USC00120177","1979-02-02","21","-3"
"USC00120177","1979-02-03","28","20"
"USC00120177","1979-02-04","21","-4"
"USC00120177","1979-02-05","8","-13"
"USC00120177","1979-02-06","25","-12"
"USC00120177","1979-02-07","24","-2"
"USC00120177","1979-02-08","10","-4"
"USC00120177","1979-02-09","6","-14"
"USC00120177","1979-02-10","14","0"
"USC00120177","1979-02-11","21","9"
"USC00120177","1979-02-12","23","3"
"USC00120177","1979-02-13","17","3"
"USC00120177","1979-02-14","31","13"
"USC00120177","1979-02-15","31","17"
"USC00120177","1979-02-16","17","0"
"USC00120177","1979-02-17","7","-5"
"USC00120177","1979-02-18","19","0"
"USC00120177","1979-02-19","19","1"
"USC00120177","1979-02-20","38","10"
"USC00120177","1979-02-21","38","31"
"USC00120177","1979-02-22","39","30"
"USC00120177","1979-02-23","48","30"
"USC00120177","1979-02-24","34","30"
"USC00120177","1979-02-25","30","21"
"USC00120177","1979-02-26","28","16"
"USC00120177","1979-02-27","38","12"
"USC00120177","1979-02-28","41","26"
"USC00120177","1979-03-01","40","33"
"USC00120177","1979-03-02","40","32"
"USC00120177","1979-03-03","54","32"
"USC00120177","1979-03-04","54","32"
"USC00120177","1979-03-05","32","30"
"USC00120177","1979-03-06","45","28"
"USC00120177","1979-03-07","44","32"
"USC00120177","1979-03-08","39","28"
"USC00120177","1979-03-09","39","31"
"USC00120177","1979-03-10","32","12"
"USC00120177","1979-03-11","27","8"
"USC00120177","1979-03-12","38","23"
"USC00120177","1979-03-13","55","33"
"USC00120177","1979-03-14","35","20"
"USC00120177","1979-03-15","28","16"
"USC00120177","1979-03-16","45","20"
"USC00120177","1979-03-17","60","28"
"USC00120177","1979-03-18","68","48"
"USC00120177","1979-03-19","65","54"
"USC00120177","1979-03-20","63","44"
"USC00120177","1979-03-21","61","47"
"USC00120177","1979-03-22","71","47"
"USC00120177","1979-03-23","60","50"
"USC00120177","1979-03-24","50","28"
"USC00120177","1979-03-25","28","22"
"USC00120177","1979-03-26","34","22"
"USC00120177","1979-03-27","39","28"
"USC00120177","1979-03-28","58","30"
"USC00120177","1979-03-29","63","55"
"USC00120177","1979-03-30","63","56"
"USC00120177","1979-03-31","59","41"
"USC00120177","1979-04-01","42","40"
"USC00120177","1979-04-02","54","36"
"USC00120177","1979-04-03","45","35"
"USC00120177","1979-04-04","36","35"
"USC00120177","1979-04-05","49","28"
"USC00120177","1979-04-06","33","20"
"USC00120177","1979-04-07","37","22"
"USC00120177","1979-04-08","53","35"
"USC00120177","1979-04-09","42","30"
"USC00120177","1979-04-10","49","32"
"USC00120177","1979-04-11","60","38"
"USC00120177","1979-04-12","73","50"
"USC00120177","1979-04-13","62","44"
"USC00120177","1979-04-14","58","41"
"USC00120177","1979-04-15","51","36"
"USC00120177","1979-04-16","55","32"
"USC00120177","1979-04-17","56","33"
"USC00120177","1979-04-18","62","34"
"USC00120177","1979-04-19","62","40"
"USC00120177","1979-04-20","68","40"
"USC00120177","1979-04-21","70","55"
"USC00120177","1979-04-22","60","46"
"USC00120177","1979-04-23","72","52"
"USC00120177","1979-04-24","73","54"
"USC00120177","1979-04-25","63","58"
"USC00120177","1979-04-26","61","42"
"USC00120177","1979-04-27","58","40"
"USC00120177","1979-04-28","44","35"
"USC00120177","1979-04-29","55","28"
"USC00120177","1979-04-30","53","37"
"USC00120177","1979-05-01","60","29"
"USC00120177","1979-05-02","73","46"
"USC00120177","1979-05-03","59","44"
"USC00120177","1979-05-04","49","39"
"USC00120177","1979-05-05","60","32"
"USC00120177","1979-05-06","70","50"
"USC00120177","1979-05-07","80","50"
"USC00120177","1979-05-08","84","63"
"USC00120177","1979-05-09","82","65"
"USC00120177","1979-05-10","83","69"
"USC00120177","1979-05-11","78","56"
"USC00120177","1979-05-12","56","44"
"USC00120177","1979-05-13","64","36"
"USC00120177","1979-05-14","70","49"
"USC00120177","1979-05-15","66","44"
"USC00120177","1979-05-16","66","40"
"USC00120177","1979-05-17","73","49"
"USC00120177","1979-05-18","81","62"
"USC00120177","1979-05-19","78","60"
"USC00120177","1979-05-20","70","49"
"USC00120177","1979-05-21","65","51"
"USC00120177","1979-05-22","67","42"
"USC00120177","1979-05-23","75","46"
"USC00120177","1979-05-24","53","41"
"USC00120177","1979-05-25","53","41"
"USC00120177","1979-05-26","64","38"
"USC00120177","1979-05-27","67","49"
"USC00120177","1979-05-28","67","46"
"USC00120177","1979-05-29","75","40"
"USC00120177","1979-05-30","84","46"
"USC00120177","1979-05-31","72","65"
"USC00120177","1979-06-01","68","55"
"USC00120177","1979-06-02","73","45"
"USC00120177","1979-06-03","78","59"
"USC00120177","1979-06-04","84","59"
"USC00120177","1979-06-05","85","61"
"USC00120177","1979-06-06","83","64"
"USC00120177","1979-06-07","72","67"
"USC00120177","1979-06-08","80","67"
"USC00120177","1979-06-09","86","68"
"USC00120177","1979-06-10","81","57"
"USC00120177","1979-06-11","76","57"
"USC00120177","1979-06-12","75","57"
"USC00120177","1979-06-13","77","59"
"USC00120177","1979-06-14","81","61"
"USC00120177","1979-06-15","83","65"
"USC00120177","1979-06-16","84","60"
"USC00120177","1979-06-17","84","62"
"USC00120177","1979-06-18","73","60"
"USC00120177","1979-06-19","76","61"
"USC00120177","1979-06-20","85","68"
"USC00120177","1979-06-21","85","70"
"USC00120177","1979-06-22","85","62"
"USC00120177","1979-06-23","75","59"
"USC00120177","1979-06-24","67","52"
"USC00120177","1979-06-25","72","46"
"USC00120177","1979-06-26","73","54"
"USC00120177","1979-06-27","81","56"
"USC00120177","1979-06-28","83","65"
"USC00120177","1979-06-29","78","62"
"USC00120177","1979-06-30","75","62"
"USC00120177","1979-07-01","75","58"
"USC00120177","1979-07-02","80","55"
"USC00120177","1979-07-03","82","58"
"USC00120177","1979-07-04","72","52"
"USC00120177","1979-07-05","73","52"
"USC00120177","1979-07-06","75","50"
"USC00120177","1979-07-07","75","52"
"USC00120177","1979-07-08","78","62"
"USC00120177","1979-07-09","76","66"
"USC00120177","1979-07-10","85","64"
"USC00120177","1979-07-11","85","62"
"USC00120177","1979-07-12","81","66"
"USC00120177","1979-07-13","78","68"
"USC00120177","1979-07-14","82","65"
"USC00120177","1979-07-15","86","70"
"USC00120177","1979-07-16","86","68"
"USC00120177","1979-07-17","75","64"
"USC00120177","1979-07-18","76","60"
"USC00120177","1979-07-19","80","56"
"USC00120177","1979-07-20","81","55"
"USC00120177","1979-07-21","83","65"
"USC00120177","1979-07-22","85","65"
"USC00120177","1979-07-23","85","68"
"USC00120177","1979-07-24","80","71"
"USC00120177","1979-07-25","79","70"
"USC00120177","1979-07-26","82","70"
"USC00120177","1979-07-27","86","72"
"USC00120177","1979-07-28","72","66"
"USC00120177","1979-07-29","84","64"
"USC00120177","1979-07-30","87","72"
"USC00120177","1979-07-31","85","69"
"USC00120177","1979-08-01","73","65"
"USC00120177","1979-08-02","77","64"
"USC00120177","1979-08-03","83","61"
"USC00120177","1979-08-04","85","68"
"USC00120177","1979-08-05","81","71"
"USC00120177","1979-08-06","84","68"
"USC00120177","1979-08-07","89","75"
"USC00120177","1979-08-08","89","72"
"USC00120177","1979-08-09","89","72"
"USC00120177","1979-08-10","84","70"
"USC00120177","1979-08-11","70","58"
"USC00120177","1979-08-12","74","50"
"USC00120177","1979-08-13","76","53"
"USC00120177","1979-08-14","72","48"
"USC00120177","1979-08-15","65","47"
"USC00120177","1979-08-16","73","50"
"USC00120177","1979-08-17","76","56"
"USC00120177","1979-08-18","78","60"
"USC00120177","1979-08-19","79","68"
"USC00120177","1979-08-20","79","66"
"USC00120177","1979-08-21","75","68"
"USC00120177","1979-08-22","77","66"
"USC00120177","1979-08-23","78","67"
"USC00120177","1979-08-24","75","66"
"USC00120177","1979-08-25","72","58"
"USC00120177","1979-08-26","70","63"
"USC00120177","1979-08-27","77","63"
"USC00120177","1979-08-28","74","67"
"USC00120177","1979-08-29","80","66"
"USC00120177","1979-08-30","85","66"
"USC00120177","1979-08-31","85","62"
"USC00120177","1979-09-01","83","66"
"USC00120177","1979-09-02","76","68"
"USC00120177","1979-09-03","83","68"
"USC00120177","1979-09-04","81","67"
"USC00120177","1979-09-05","83","65"
"USC00120177","1979-09-06","82","65"
"USC00120177","1979-09-07","71","53"
"USC00120177","1979-09-08","64","50"
"USC00120177","1979-09-09","69","46"
"USC00120177","1979-09-10","75","50"
"USC00120177","1979-09-11","86","63"
"USC00120177","1979-09-12","83","65"
"USC00120177","1979-09-13","74","62"
"USC00120177","1979-09-14","67","47"
"USC00120177","1979-09-15","68","45"
"USC00120177","1979-09-16","73","46"
"USC00120177","1979-09-17","75","48"
"USC00120177","1979-09-18","79","48"
"USC00120177","1979-09-19","65","48"
"USC00120177","1979-09-20","74","56"
"USC00120177","1979-09-21","68","59"
"USC00120177","1979-09-22","68","52"
"USC00120177","1979-09-23","70","42"
"USC00120177","1979-09-24","73","44"
"USC00120177","1979-09-25","76","49"
"USC00120177","1979-09-26","80","52"
"USC00120177","1979-09-27","78","50"
"USC00120177","1979-09-28","76","59"
"USC00120177","1979-09-29","80","56"
"USC00120177","1979-09-30","78","57"
"USC00120177","1979-10-01","76","59"
"USC00120177","1979-10-02","70","54"
"USC00120177","1979-10-03","66","53"
"USC00120177","1979-10-04","60","45"
"USC00120177","1979-10-05","56","42"
"USC00120177","1979-10-06","59","44"
"USC00120177","1979-10-07","55","42"
"USC00120177","1979-10-08","61","47"
"USC00120177","1979-10-09","56","43"
"USC00120177","1979-10-10","56","32"
"USC00120177","1979-10-11","56","42"
"USC00120177","1979-10-12","58","36"
"USC00120177","1979-10-13","50","31"
"USC00120177","1979-10-14","52","27"
"USC00120177","1979-10-15","60","42"
"USC00120177","1979-10-16","59","49"
"USC00120177","1979-10-17","69","49"
"USC00120177","1979-10-18","75","60"
"USC00120177","1979-10-19","70","60"
"USC00120177","1979-10-20","74","61"
"USC00120177","1979-10-21","79","66"
"USC00120177","1979-10-22","74","48"
"USC00120177","1979-10-23","48","39"
"USC00120177","1979-10-24","44","35"
"USC00120177","1979-10-25","44","32"
"USC00120177","1979-10-26","46","28"
"USC00120177","1979-10-27","66","36"
"USC00120177","1979-10-28","60","42"
"USC00120177","1979-10-29","62","38"
"USC00120177","1979-10-30","68","42"
"USC00120177","1979-10-31","70","54"
"USC00120177","1979-11-01","63","39"
"USC00120177","1979-11-02","55","32"
"USC00120177","1979-11-03","50","28"
"USC00120177","1979-11-04","51","26"
"USC00120177","1979-11-05","57","39"
"USC00120177","1979-11-06","49","38"
"USC00120177","1979-11-07","40","33"
"USC00120177","1979-11-08","42","37"
"USC00120177","1979-11-09","46","40"
"USC00120177","1979-11-10","40","29"
"USC00120177","1979-11-11","37","26"
"USC00120177","1979-11-12","50","25"
"USC00120177","1979-11-13","42","27"
"USC00120177","1979-11-14","40","26"
"USC00120177","1979-11-15","47","36"
"USC00120177","1979-11-16","46","35"
"USC00120177","1979-11-17","64","35"
"USC00120177","1979-11-18","64","44"
"USC00120177","1979-11-19","60","49"
"USC00120177","1979-11-20","66","45"
"USC00120177","1979-11-21","64","53"
"USC00120177","1979-11-22","62","50"
"USC00120177","1979-11-23","50","35"
"USC00120177","1979-11-24","45","34"
"USC00120177","1979-11-25","57","34"
"USC00120177","1979-11-26","57","38"
"USC00120177","1979-11-27","52","32"
"USC00120177","1979-11-28","35","23"
"USC00120177","1979-11-29","26","22"
"USC00120177","1979-11-30","27","22"
"USC00120177","1979-12-02","32","16"
"USC00120177","1979-12-03","32","21"
"USC00120177","1979-12-04","45","31"
"USC00120177","1979-12-05","56","36"
"USC00120177","1979-12-06","46","35"
"USC00120177","1979-12-07","49","30"
"USC00120177","1979-12-08","32","25"
"USC00120177","1979-12-09","44","25"
"USC00120177","1979-12-10","57","32"
"USC00120177","1979-12-11","63","46"
"USC00120177","1979-12-12","52","29"
"USC00120177","1979-12-13","36","29"
"USC00120177","1979-12-14","35","21"
"USC00120177","1979-12-15","42","25"
"USC00120177","1979-12-16","36","14"
"USC00120177","1979-12-17","19","9"
"USC00120177","1979-12-18","31","16"
"USC00120177","1979-12-19","44","21"
"USC00120177","1979-12-20","44","23"
"USC00120177","1979-12-21","44","32"
"USC00120177","1979-12-22","45","40"
"USC00120177","1979-12-23","53","43"
"USC00120177","1979-12-24","57","38"
"USC00120177","1979-12-25","38","34"
"USC00120177","1979-12-26","35","30"
"USC00120177","1979-12-27","36","26"
"USC00120177","1979-12-28","29","24"
"USC00120177","1979-12-29","31","20"
"USC00120177","1979-12-30","37","20"
"USC00120177","1979-12-31","30","26"
"USC00120177","1980-01-01","34","26"
"USC00120177","1980-01-02","32","24"
"USC00120177","1980-01-03","30","26"
"USC00120177","1980-01-04","28","23"
"USC00120177","1980-01-05","24","18"
"USC00120177","1980-01-06","35","19"
"USC00120177","1980-01-07","35","17"
"USC00120177","1980-01-08","22","12"
"USC00120177","1980-01-09","25","12"
"USC00120177","1980-01-10","46","19"
"USC00120177","1980-01-11","56","22"
"USC00120177","1980-01-12","25","14"
"USC00120177","1980-01-13","42","23"
"USC00120177","1980-01-14","46","30"
"USC00120177","1980-01-15","40","30"
"USC00120177","1980-01-16","50","37"
"USC00120177","1980-01-17","50","35"
"USC00120177","1980-01-18","35","29"
"USC00120177","1980-01-19","36","27"
"USC00120177","1980-01-20","34","26"
"USC00120177","1980-01-21","33","20"
"USC00120177","1980-01-22","36","20"
"USC00120177","1980-01-23","21","10"
"USC00120177","1980-01-24","36","9"
"USC00120177","1980-01-25","38","22"
"USC00120177","1980-01-26","27","19"
"USC00120177","1980-01-27","32","15"
"USC00120177","1980-01-28","20","11"
"USC00120177","1980-01-29","14","8"
"USC00120177","1980-01-30","22","9"
"USC00120177","1980-02-01","21","5"
"USC00120177","1980-02-02","19","4"
"USC00120177","1980-02-03","25","6"
"USC00120177","1980-02-04","24","6"
"USC00120177","1980-02-05","25","17"
"USC00120177","1980-02-06","29","18"
"USC00120177","1980-02-07","28","6"
"USC00120177","1980-02-08","28","13"
"USC00120177","1980-02-09","25","20"
"USC00120177","1980-02-10","26","6"
"USC00120177","1980-02-11","26","11"
"USC00120177","1980-02-12","21","5"
"USC00120177","1980-02-13","33","10"
"USC00120177","1980-02-14","35","30"
"USC00120177","1980-02-15","38","25"
"USC00120177","1980-02-16","25","5"
"USC00120177","1980-02-17","17","0"
"USC00120177","1980-02-18","32","10"
"USC00120177","1980-02-19","41","30"
"USC00120177","1980-02-20","40","35"
"USC00120177","1980-02-21","47","34"
"USC00120177","1980-02-22","47","37"
"USC00120177","1980-02-23","38","34"
"USC00120177","1980-02-24","35","30"
"USC00120177","1980-02-25","31","17"
"USC00120177","1980-02-26","23","9"
"USC00120177","1980-02-27","30","20"
"USC00120177","1980-02-28","30","15"
"USC00120177","1980-02-29","15","6"
"USC00120177","1980-03-01","14","3"
"USC00120177","1980-03-02","16","-7"
"USC00120177","1980-03-03","29","7"
"USC00120177","1980-03-04","41","21"
"USC00120177","1980-03-05","35","22"
"USC00120177","1980-03-06","36","20"
"USC00120177","1980-03-07","39","30"
"USC00120177","1980-03-08","40","31"
"USC00120177","1980-03-09","44","29"
"USC00120177","1980-03-10","52","23"
"USC00120177","1980-03-11","30","18"
"USC00120177","1980-03-12","30","21"
"USC00120177","1980-03-13","36","25"
"USC00120177","1980-03-14","39","25"
"USC00120177","1980-03-15","59","31"
"USC00120177","1980-03-16","59","47"
"USC00120177","1980-03-17","51","30"
"USC00120177","1980-03-18","45","28"
"USC00120177","1980-03-19","54","33"
"USC00120177","1980-03-20","51","41"
"USC00120177","1980-03-21","46","32"
"USC00120177","1980-03-22","51","32"
"USC00120177","1980-03-23","46","30"
"USC00120177","1980-03-24","48","34"
"USC00120177","1980-03-25","34","30"
"USC00120177","1980-03-26","36","32"
"USC00120177","1980-03-27","56","28"
"USC00120177","1980-03-28","52","43"
"USC00120177","1980-03-29","45","42"
"USC00120177","1980-03-30","44","40"
"USC00120177","1980-03-31","45","37"
"USC00120177","1980-04-01","46","38"
"USC00120177","1980-04-02","60","37"
"USC00120177","1980-04-03","60","43"
"USC00120177","1980-04-04","47","35"
"USC00120177","1980-04-05","55","34"
"USC00120177","1980-04-06","62","38"
"USC00120177","1980-04-07","64","48"
"USC00120177","1980-04-08","62","49"
"USC00120177","1980-04-09","49","35"
"USC00120177","1980-04-10","43","34"
"USC00120177","1980-04-11","60","32"
"USC00120177","1980-04-12","51","39"
"USC00120177","1980-04-13","45","32"
"USC00120177","1980-04-14","45","32"
"USC00120177","1980-04-15","44","32"
"USC00120177","1980-04-16","48","34"
"USC00120177","1980-04-17","58","36"
"USC00120177","1980-04-18","66","35"
"USC00120177","1980-04-19","71","40"
"USC00120177","1980-04-20","78","52"
"USC00120177","1980-04-21","75","52"
"USC00120177","1980-04-22","85","53"
"USC00120177","1980-04-23","72","48"
"USC00120177","1980-04-24","57","34"
"USC00120177","1980-04-25","54","30"
"USC00120177","1980-04-26","58","38"
"USC00120177","1980-04-27","52","42"
"USC00120177","1980-04-28","45","42"
"USC00120177","1980-04-29","53","42"
"USC00120177","1980-04-30","58","37"
"USC00120177","1980-05-01","63","42"
"USC00120177","1980-05-02","67","42"
"USC00120177","1980-05-03","74","45"
"USC00120177","1980-05-04","82","54"
"USC00120177","1980-05-05","84","58"
"USC00120177","1980-05-06","75","59"
"USC00120177","1980-05-07","65","43"
"USC00120177","1980-05-08","50","39"
"USC00120177","1980-05-09","64","41"
"USC00120177","1980-05-10","68","47"
"USC00120177","1980-05-11","79","54"
"USC00120177","1980-05-12","74","55"
"USC00120177","1980-05-13","76","50"
"USC00120177","1980-05-14","62","46"
"USC00120177","1980-05-15","69","40"
"USC00120177","1980-05-16","65","52"
"USC00120177","1980-05-17","62","56"
"USC00120177","1980-05-18","69","60"
"USC00120177","1980-05-19","68","61"
"USC00120177","1980-05-20","70","57"
"USC00120177","1980-05-21","74","49"
"USC00120177","1980-05-22","78","57"
"USC00120177","1980-05-23","77","64"
"USC00120177","1980-05-24","73","63"
"USC00120177","1980-05-25","84","60"
"USC00120177","1980-05-26","75","51"
"USC00120177","1980-05-27","80","46"
"USC00120177","1980-05-28","85","56"
"USC00120177","1980-05-29","85","56"
"USC00120177","1980-05-30","81","68"
"USC00120177","1980-05-31","80","68"
"USC00120177","1980-06-01","75","66"
"USC00120177","1980-06-02","73","68"
"USC00120177","1980-06-03","75","60"
"USC00120177","1980-06-04","75","53"
"USC00120177","1980-06-05","79","61"
"USC00120177","1980-06-06","85","70"
"USC00120177","1980-06-07","87","70"
"USC00120177","1980-06-08","70","51"
"USC00120177","1980-06-09","72","56"
"USC00120177","1980-06-10","62","51"
"USC00120177","1980-06-11","67","52"
"USC00120177","1980-06-12","76","45"
"USC00120177","1980-06-13","78","57"
"USC00120177","1980-06-14","82","64"
"USC00120177","1980-06-15","78","58"
"USC00120177","1980-06-16","68","51"
"USC00120177","1980-06-17","72","46"
"USC00120177","1980-06-18","72","51"
"USC00120177","1980-06-19","75","51"
"USC00120177","1980-06-20","71","45"
"USC00120177","1980-06-21","77","52"
"USC00120177","1980-06-22","86","55"
"USC00120177","1980-06-23","82","56"
"USC00120177","1980-06-24","82","63"
"USC00120177","1980-06-25","85","64"
"USC00120177","1980-06-26","89","68"
"USC00120177","1980-06-27","89","69"
"USC00120177","1980-06-28","92","72"
"USC00120177","1980-06-29","84","66"
"USC00120177","1980-06-30","76","56"
"USC00120177","1980-07-01","75","57"
"USC00120177","1980-07-02","85","61"
"USC00120177","1980-07-03","79","69"
"USC00120177","1980-07-04","85","72"
"USC00120177","1980-07-05","90","70"
"USC00120177","1980-07-06","79","62"
"USC00120177","1980-07-07","89","62"
"USC00120177","1980-07-08","97","79"
"USC00120177","1980-07-09","85","72"
"USC00120177","1980-07-10","88","71"
"USC00120177","1980-07-11","90","61"
"USC00120177","1980-07-12","97","71"
"USC00120177","1980-07-13","87","70"
"USC00120177","1980-07-14","93","67"
"USC00120177","1980-07-15","103","80"
"USC00120177","1980-07-16","96","80"
"USC00120177","1980-07-17","88","73"
"USC00120177","1980-07-18","87","63"
"USC00120177","1980-07-19","96","73"
"USC00120177","1980-07-20","97","77"
"USC00120177","1980-07-21","84","70"
"USC00120177","1980-07-22","83","64"
"USC00120177","1980-07-23","80","60"
"USC00120177","1980-07-24","81","58"
"USC00120177","1980-07-25","85","65"
"USC00120177","1980-07-26","88","66"
"USC00120177","1980-07-27","72","66"
"USC00120177","1980-07-28","78","64"
"USC00120177","1980-07-29","84","64"
"USC00120177","1980-07-30","82","68"
"USC00120177","1980-07-31","93","67"
"USC00120177","1980-08-01","91","73"
